句号,汉语句,撒尼语IPA,直译,汉字注音,音频文件,页码
1,您好！,n133tsa21!,你好,尼扎!,1.问候与拜访\001.mp3,2
2,您早!,nr3ne21a33!,您早啊,尼乃啊！,1.问候与拜访\002.mp3,2
3,吃了吗?,tsp33 dzp21dzp21a33?,饭吃吃,遭早早啊？,1.问候与拜访\003.mp3,2
4,吃过了。,dzp21xp33α33,吃过了 一、问候与拜访·3,早哈啊。,1.问候与拜访\004.mp3,2
5,你从哪里来?,ieeleelleop h133,你   哪里  从来是,你考搭嘎朵哩安?,1.问候与拜访\005.mp3,3
6,我从家里来。,np33 hae33gu33 kp33 do33133.,我家里 从来,敖哈哥嘎朵哩。,1.问候与拜访\006.mp3,3
7,你也来赶集吗？,ielssel cellzxueemyY ceeu nr33 赶集 是吗 直译你也,,你喃棵河哩按来?,1.问候与拜访\007.mp3,3
8,对计。 SM,"23233333333433 a:b: WmmmG66b66 P0GG F x 06 90 m M mmのDM c: [)() DL DDCDAUOa· :P e： .-:. f: x①① g:孔50046 h: i: j:)」/J」J k：多多 I: LIlL( m: mmTmMmMMm个M : cOnN/n nrN So: 00000 p: pp q: s: △-V:-：=I""/《》):J{,出现三个相同的字根 t:T u: oOuU VLr UU Z/ zruuuy v: V><A YAVAVVVV 从m A 个 mmM@RePPMmE3m :M x:+×XααXα∞8∞Xoo y: （（）;/α2 22zZ :z [：不足四键的字用之补足 “《，!，，，一，《， 最后的“d”键为末笔定位识别码。 3、末笔定位识别码：以彝文字的最后一笔在文宁中所占位置来确定其输入键，有三种定位 方法。 地址：昆明市环城西路170号云南民族大厦6楼电话：0871-5340364、0871-5340743 《石林彝文平台》操作手册 代表彝文字面积，☆代表最后笔位置 第一种定位法：最后管转长，其长度大约和文字长或宽相同，则按如下定位： 输入：g h n 这六个字母在健盘上相互之间的位置如下图： U 第二种定位法：最后一笔较短，其长度明显短于文字长或宽，则按如下定位： 了 W b W e ☆ M a S Z X 这九个字母在键盘上相互之间的位置如下图： W （ a S 《石林彝文平台》操作手册 第三种定位法：最后一笔所占面积很大，不属于以上两种形式，则以最后一笔的终点来定位， 定位方法与第二种定位法相同。 1、宇根字的输入方法：既是字根义是宁的释文宁，则采用以下方法： ①字根字超过一画的，则先打这个字根所定位的键，再输入第面、第二面、和最后一面所 定位的键，不足四健的补以末管定位识别码： 如“又""：拆分为宇根区、一画、／而和一曲，输入字小x、i、j、i则可得出“区”字。 如“""：拆分为字根、丨面、\而和丨面，输入字母x、丨、y、I则可得出“”字。 ②字根字只有一画的，则先打这个字根所定位的健，再输入这个字笔而的起点和终点在末笔 定位识别码中定位的键，不足四键的补以“「”。如果无法找出起点和终点，则起点和终点都为“a” 键（都在左侧正中）： 如“○""：拆分为字根○（o)、左侧正中定位（a）、左侧正中定位(a)和l“[”字符，输入字母 0、a、a、[则可得出“○”字。 五、石彝输入法编码表 聚 xccc lccd 心ljyd 甘 iudx 正tihc ivdn 亚 iyyi tre[ seid Jxzp 册 icsj siyx ssc[ 十 iyyz Z iccz 底yijl 雨tnyc trc[ M bnni # Jxep l ulh[ isin 正ticq H tec[ W hiuu 广 yijz qldd X exne 正 ticl 半lyjq W iwc[ # iyj汇 # eyil X ijyd 而 ijnn lyjz W win[ ixlj 压 iltn ixle bzax 车 lyjz eyyz X ixel 洲 iexy J.(x1 MH W kin[ W hed[ iyyc X iexl 交ejyn nxc[ l uigl H ehhc 当lyjq W kigl dnlx 卡elyc 葵ijiyn xixx Wkin[ X irlc iyye M iylq pdx [0l iyoy HL yilc W win[ 半xyje X exc[ 业yji T illx 十 xilh 区 iyye 支 xsx[ IH til iexe kxix Le zeig E illl XI ixyj +xscl 面jpe njlc xec[ XX ixxj uxne XIX里 [m nyj[ tQ irc[ W bsdl. 重xiou Z tlkx dnx[ Jxs1 全 交 ijyn wedd udxd 片 yiqe duw[ 众 ijyn l yyc[ W iwdd # eyjL iyjy 固tppx Klvcl hux[ xcld dhjy 卉 xeyc ILllc[ -= ilec 分 iccj 亏 iphx 伊ydlzz 芊 iyel Z4z klhl nnc[ iccj 5 tpn[ 石 ijpd iyxi 忆 kjzl 回 npxl ijyy n xnxj #ssj f jre[ 同 nynd. U iuyd H isj[ [0f xoll fof xodx [ nosl K lejy xzp 米xyiy [个 mlil h nqld 十 xde[ tt ilil HHE iyec 地址：昆明市环城西路170号云南民族大厦6楼电话：0871-5340364、0871-5340743 6 《石林彝文平台》操作手册 去 xisn 毛全7子 jell fo qiod 公 三 nsd[ vssi qiod qvsc ssc[ xabsmyd[ 112318281127 qxlc nddx qnze qmcl nddd ldil qigl lyjs SSZC qugl ssqc 工 tltn jzl qqei inyc 7 Btz lzhl qei 沁专学张业专岗义千X介州X令X众X介众华》 lvvv elsx 7snrx 7 lccc 77九0九不两禾万从7好 tvvv bbbl ## lyjn ggdi lees qkc! pobb ulux qiod ovx] qlql xdwl qzc] jxx[ bbbb xdx[ qnyd qccj (nex xex[ qvvc ivds qec[ uds hrh[ eqie 九子又办严科书邢九子升之升双小冰司 eyes xxx[ 0ozb uvyx rigl qnuj sxeq vyjd riw[ udbb eyen uvyx zAbb uvoo qqze uvuu qqze uvvn vljy Iqes vecl eiei vyji bin[ vjln ubb uuvo Ihx/ qiol usdd XXXX (qxd pin ssaq 口 xsj[ qsel ipid xsbb lqel sexl eiec xnne qjyd rize (sbb sszi 4 llh[ uveo qunc 不rxx1 xxbb V lvjl xxvj qiqx M qsld ezea lzcl qize qzei qztd sz xisn 笔全不子7刀7 jell fo qiod nsd[ vssi 学开市办风州来严开 qvsc ssc[ myd[ poib qxle nddx sqex Joub kqin (sx nddd ldil qigl qpig qire lyjs qugl SSZC 自IH tltn [zb ssqe qqei inyc Jxbb 淞专学张 Btz lzhl qc[ lvvv elsx 777力九九两两勿7九叉矛秘九天之升司 snrx 北泌岁专义千X介州×令火XX戏X介介华川天洺燃 lccc tvvv lyjn bbbb sxnc qjig SSZX lees 五 obbb qiod SsZ1 ulux glql xdwl qzc 川川不承升兴为文秋尹秘天寻班严将又洲册由日为 jxxL qnyd nyy qnnx Iqed qinc qnyc. qnex sxpx qccj lqee qvvC qiul qmes oab sqel uds hrh[ eqie xxx[ qzoc eyes uvyx sxeq rigl eyen vyjd lvyx eyed uvoo qqze si(ise uvuu qqes uvvn vljy vecl xsbb bin[ vyji qqne lhx[ vjln uuvo usdd W lwjl qqly ssaq lqj[ XXXX qpid xsbb 7 lqel xsjl sex] eiec 4 Ilh[ xnne qjyd rizc qqsl sszi rxx[ Z xxbb 4 Ivj[ uveo qunc 7 qsld ezea qzei lzc[ xxvj qiqx qize qztd lsz 《石林彝文平台》操作手册 中中#令 lbz] lqql % lyhx pedl Irc[ 团井分回正对口办 cejl Z czec pnlx pulx lzye cicy lhqg lsis cixr list (6) ccic liyj lyxi lpen liqq gced lyy ule[ zleq uhx[ rxd lics xsl Inl scl tjL sez[ puun nuwl ? jozp U obbp pvil SZSC ctgl 叫 elyd pudi cunc 子 occj lydq pxox uunn lydz lyee kccd + xud[ Ixcc llxv idhn lsj[ psjl pxox id[ llyc lrux Iys! iscj 出 sscl lyei ldc rXC D> lypn dzzc 出 lypn pire cced sc[ ltlu eyce zclc pecl ypzz psex ttc qxln lysq cei lis[ lysq Idc lyjq cccn zhx luux lelh ppls F ltci cscl uenn llox wpnl pude idy ciyc uyhi ljhc llee pxpx SCC ljhc ltyc pxse XCCC velc cire udw lulc lrud uynn hle luex pirx uynn rdx pzzc ilsc eycs uein irc zicc itin uwwl pesn lilu oudo cicu unvn pudn xccj idlh pdco cick rud sdel zecc lire LR lxin rilx cicr plxl 年 lelx peod Idss cixc lles (IH ciyc bzn pndx 毛 lelc peec U pudw 1号 ujhc ellx pize ciec uosn 地址：昆明市环城西路170号云南民族大厦6楼电话：0871-5340364、0871-5340743 《石林繁文平台》操作手册Kuljl 当ueli n nnsc 00XS noee px O osc 册界晶 oxee lzze udix uujs nsae 0l ozea oejn Z uxin ? dsee snrd lzleuxnn udlu xxnn 10 xold odoe 14 lzle 光 ulzq nsqi 0xix 80 oeod 女 zrdleX ueex 尘 nle( ohhh 翼旺 oeje 74 zdel updx uxyi oezeqyjl ussh eenn O0T6 oryx zqid 我 qyjl uSxs noee Om6 oryx 00yc zij[ mxuh uelq 然 eenn vjyo 7 zibs zqid ueed usls O oaal olec 1 zqel lzow lze[ ueec uule 0 oigl oljy zkd[ ZXgluzns usnn oid[ oxin szc[ U uvvv usue ojzl 00XS mL zmd[ zdej全 udxi noz] oywl oyjl m zws[ kzze X 06 7 zqx 11 Zzig uyvc vnc[ O olwl orex aiju zdllj ccum nnc ore[ oehx Z hsd[ nre[ Q ole[ DH oxyj zin[ lzyemeuh nhzl O 00sl ccoe zmd[ ZWWC udpd nhx[ # odxu siyy Z. zed[③ owx[ 240 updi ynoz ocx[ ? ooly 十 zoa[ zuudxuxu XX xds[ G ozc[ noxo zlh[ 71 zxj[ccuu 60 nooc uogl oixl zlff 70) ZOCC uxxi vdnc uogl oevc zlf zz ZZZC dmix xnn[ ohx[ D ottd 飞边 zid[ zsc[X 77 ueen nnlx 6 qodx 10 xiol ZZZ vzc 111 zzin wesc nccc onlx ozoe zzc zsc[ uluq nlze ouux ojlj zigl zuwe 际 ului 6 nhdx odun odil zcc ziqx R oxh[ ovyj zia[ zsda N默 ueeh onnc hzxl ueyk nnnc otd[ oyex lzdq uisn yjne OZO0 ojyu zjel zizcdyyd nnnc 06 orlh ooyy zzc zlin udsc nhyx qZ OZZC dydy zlh[ zlnnuleq ocle 076 Z zvlx naig oszr zllc zoed uelq nhig yjoz OZZS zijie zrweuusu cend 000S odjn ZOOS uelq nnuu oxs[ 家晃 okyj zhdx zrix udhh xxn[ akos oejh zclc 穴 ynjy ocdd zrlx nuei nhnh O ozjh oeae zne[ 3 aia[ uele f oxlj oehy 4 zyc[ zxc[ 果 ueem snle oeec ziun Z4 zude 《石林彝文平台》操作手册 石 Ibz] lqql 团非分回定 lyhx pedl DC ccj[ czec 令号中中日日 lrc[ pnlx lzye ccj[ cicy ptj[ 石 Isls cze[ cixr vexl list cicj ccic scc[ 世 liyj lyxi )( ccyx Ipen 田牛 pxh[ liqq 7 lec qecd 东风汽四坐长出矢州东长田毛 lyqv DL zlcq std[ rxd| lics cxs[ # liy ilnl rscl H j[ rydl sez[ u nuw] puun lyzc lqqc lill Di dzc[ U luel pvjl SZSC iupn D ctgl U uin[llyd l elyd pudi cunc uid[ lly lydq 000 pxox occj uunn scl lyin lydz lyee xccd + Jpnx livc lxcc Ilxv ( xccj X udnn pch[ Isj[ ⅢI psjL pxox ctcj sid[ llyc lrux lysl dszc sqcL iscj ssc[ pC A lyei cldc podsl pxh[ 出 lypn rxxc dzzc lelc 出 lypn pire DC cced ssc[ ltlu eyce Z( zclc 安四田 片 cttc pec[ ypzz psex lis[ vpn[ qxln ipyc lysq ccei lldc lyjq piyj 辅 lysq cccn uzhx luux lelh 回点 ppls 正 ltci cscl uenn llox ： wpn[ liuy pude cidy qiyc psj[ 田 uyhj ljhc llee pxpx Rd CSCC ljhc 丰王F四书西册！ ltyc lisj pxse XCCC welc ludw lulc lrud rsdl cire uynn lhlc luex pirx uyux czcj uynn llsc eycs (CE csig uein lrdx pzzc zicc lirc llxx uwwl pesn utin prs[ pyil ltlu pude cicu unvn licd pudn pudi (十) xccj udlh Ihjx pdcc rdd[ cick unxx sdel rsin zecc uslh pzx Irud lire lxin rilx xlep cicr uelh plx[ lelx peod Idss (X) cixc 并 uiyc 毛 lelc peec lles ( ciyc ulzq A pndx + ellx ciec pudw 4号 ujhc pize uosn 地址：昆明市环城西路170号云南民族大厦6楼电话：0871-5340364、0871-5340743 《石林彝文平台》操作手册 (Z) ZCCC kxx1 zale 1L ZSSX 7) acd 专 aeyx zyc[ uitn Z6 zhes F arel 必形 zywd aiyd (Z ZCCC zxin yzye KL ZSSX ajwe axyd Z jzje zxin zjel oaed H ziyd yzey 书alhl ziZ.C ziec zxne zlsu axod yzun H zisd Z zssd 千 aujh 引 aixdzild ziyc zywd 型 llyxi 70 PIXB zjec 7 aioe zrux 址 zjli aywe aqxe xed[ zrwx 0 zoze Z. kedll. aioj zvix tjec Zssi zbbp aeac 星 zquj znxj zsls aqjx adad ezec uujx zjly ziss kays zyd[ ZOSC uujh ZXSS kaac adav zicd zjod zzie elaqg zhos yzyy ayx[ zynn zynn zude ayun besb zisc zjoo ztzz S sqcl aule saqx zelx qqld unc S2RSS syel axnl zzun zsig axgl zqls ssj[ accg aqsx zzdi zhee zill ssjl aqce hayi czlc 米 zuln ZZSC sedl awwd eacc lzlc zlex ？配乙子7号 uue[ sec kaze dasd czll zdzd cpde seie aiee aeec CZZC zvec zeze aijb axjL lzsl ziee aij aeex ZCCC ajlc aiix zyin zezi (qjzel 1oze anjl aqle zlyw zsiz zyel adxl accd axedzvyw XZCC awel 713 asc[ axxxzjvd 去生具 zsyd asyl zqne akee lzyc ziyi aiy[ 733 asc[ aids zrwd zeec zrue aqxl 红 aque aqys zele zyyu arel hayx aqee zxen zslw ssx[ zasx aox aulq auys x zuyc zlsu aojl avsc axex zelx ziel zyru aqxl ejac aiqd Zxxi 1 aij zruu ztec 画 么 ayay hqsl ZZZy ztec zjxj auyl 双 airc G qsz[ ZZXX 区 ZSSC Y [uudj aydl aiou G hcs[ zssd acsl 6 bdxl zada zxxd hzee aixx hxx[tecl zxxd 1 auel qsqs 及. . kec[ zyuu zjyy # czcl 'hayd 67haie L ZXZC lll zsid zzyy arel aijx qlec 地址：昆明市环城西路170号云南民族大厦6楼电话：0871-5340364、0871-5340743 10 《石林彝文平台》操作手册 byun xrix [ jhel 实hyin jsdd rbec 6=B0 hj Ahndw hiys rqsx beey nsrd Uhudw 6 hjes rpin grj neri hjbs rad[ rqsx L jhel h hyjl hmee requlehe hnjl 5 Ibx[ rnzs 00 fad[ reec 为 nhcj kyclrec[ srdx 11 nljl kqa rnnl 20以00 Jpey srnn hixl hycj wrc[ dree hed hqin 乡1l kyd[ 7 hyel kjox rqu rune 义 rnee U huel 乞气 kiyc: rnve rre[ W kkel huel huuy gqx[ W mwel '0, hoh[ hejx kez[ rdxu mm 4 7 hlh[ uhyd N kyql rdid rds[ mm mm msc[ kdld! rnee Ip.rp w mse hqwl hyix 些发 kyqz rlel W mewe hjx[ 句 hyls rnsu rnn[ hjwl h hyin kiqx rosn mswe huh[ 与hiqq kyky ruc[ kksd U ryc[ pccd hze[ hnhn ren[00 fun[ W wyjj 116 hjsl hise rooc 从 46 hlft hqyd rhx[0廿号号d册号00考是 rid[ wwc.[ rjoe w m uucl uhjx hhji rnrx nyrd wdmc hex[ jslz rnox rwn[ W wdun V ned[ hsel rnnx hscl rquc reii rec[ wudx hlnn W ked[ t hldz hiuy rnzx rvse W wlwc hsc[ 发 jsdl cnlx rvse wlle 5 hilj 5 hius rdn[ riod wsc[ Ill nyjl 号hieh rzoi xbe.! W wlsc hrdw 马 : hqeq raqx r(1xe m wewe 2 hizx hjee ronl redL W hiyl %hcs] m weec %hdes roec ruuc wsin hrel rnce ruua W wsun m hyxl 女 jsln rnnl pupn wsmc hulw hydl rein jslx hisc rxx[ wsun rnzz weev hdun jsdl rnex Tecl wsun 0 holh hili rnxx m susc # hjed hleo zeed rlln Uhudw 韦hele rnzi ussi 午 hth[ hdnn rdce aijh ruuj oo jfd[ rqnn aiju ryun boo jfd[ hhje jsez rqiu alnz srd[ hhel 4 hjed %6 hxsc rdxx asld 《石林彝文平台》操作手册 byun xrix [ jhel 实hyin jsdd rbec 6=B0 hj Ahndw hiys rqsx beey nsrd Uhudw 6 hjes rpin grj neri hjbs rad[ rqsx L jhel h hyjl hmee requlehe hnjl 5 Ibx[ rnzs 00 fad[ reec 为 nhcj kyclrec[ srdx 11 nljl kqa rnnl 20以00 Jpey srnn hixl hycj wrc[ dree hed hqin 乡1l kyd[ 7 hyel kjox rqu rune 义 rnee U huel 乞气 kiyc: rnve rre[ W kkel huel huuy gqx[ W mwel '0, hoh[ hejx kez[ rdxu mm 4 7 hlh[ uhyd N kyql rdid rds[ mm mm msc[ kdld! rnee Ip.rp w mse hqwl hyix 些发 kyqz rlel W mewe hjx[ 句 hyls rnsu rnn[ hjwl h hyin kiqx rosn mswe huh[ 与hiqq kyky ruc[ kksd U ryc[ pccd hze[ hnhn ren[00 fun[ W wyjj 116 hjsl hise rooc 从 46 hlft hqyd rhx[0廿号号d册号00考是 rid[ wwc.[ rjoe w m uucl uhjx hhji rnrx nyrd wdmc hex[ jslz rnox rwn[ W wdun V ned[ hsel rnnx hscl rquc reii rec[ wudx hlnn W ked[ t hldz hiuy rnzx rvse W wlwc hsc[ 发 jsdl cnlx rvse wlle 5 hilj 5 hius rdn[ riod wsc[ Ill nyjl 号hieh rzoi xbe.! W wlsc hrdw 马 : hqeq raqx r(1xe m wewe 2 hizx hjee ronl redL W hiyl %hcs] m weec %hdes roec ruuc wsin hrel rnce ruua W wsun m hyxl 女 jsln rnnl pupn wsmc hulw hydl rein jslx hisc rxx[ wsun rnzz weev hdun jsdl rnex Tecl wsun 0 holh hili rnxx m susc # hjed hleo zeed rlln Uhudw 韦hele rnzi ussi 午 hth[ hdnn rdce aijh ruuj oo jfd[ rqnn aiju ryun boo jfd[ hhje jsez rqiu alnz srd[ hhel 4 hjed %6 hxsc rdxx asld 《石林彝文平台》操作手册 tijy xllc 7 zild 6 hjre nvvs X exed AAZAO tdx[ xuc[ 乙 zilc hjcz. uoed欧 nvve lx[ xhhc [obs 2 06 6 jfel 众 nvvy olzd lze[ xyd[ S sadl 6 jfel olcc mjee tqal ixhx sad[ hbel elaa 2 iupc lx[ XZZC S sez Z kjii ohdx zyal xyjc aij 乙 Ibx] oohc zkd[ ixhi 两 5 aijb kjj lqcc AAA Ixd[ ixhx aij kjyy axee tex[ dss[ aijc 一 kjii Zsixtyx[ Ipe! 77 kjj iupi aijtqix lwx[ Z aijq rqel 40 olzl ZSSC Z aij 6 zihz xyvc zpd[ Z kijy 6 ziha uyrd 不 tlzc G hws[ 7 zibw upen Az tziz. hqs[ aijb roox ZZZC 6 bax] 6 aijbh rnnl G zec[ qwx 6 aijr pos[ O zced M lwc[ 6 hea lijy romc Zl tzze ljix 0 rad[ zihw upxn Z tkod vyjx 7 rzc[ X xlvl A vjye grj xqql nnhc tzii cqz[tqde jwz[ 00 lpey X xiji hoxs cec[ rre[ 3# wec[ XSXX Jxa1 uwe[ n Jp sqsn hqey () zdcc W mjyy 品 ndds uss[ ixcc O zkdd U uqel W kjyj tiio 0 qzod bbxl U uiui m mnnn znyn B ndxx 百 zeze jea[ W mjyy rnuy V lvde W wyj pzpo % tysy uili uxno X 1 xlyl uqel uuul tlyt 省 srsc xqal nzc[ wuue win[ E poss oaa[ kyjy sqel ovuo xiji W zpbb Isji xjc[ wuuu ijpe xlh[ W wyjj vyye xzc[ ziji nljl zele lils Z ziy hjij behy ehjh 多 1 kxd[ hj ulze irie xlc[ L ziyi qiey xhxl. Z zij hjbs ulze X xcde njyj nljl pibb Kabb zilc hjij Isjn qizo xtj[ 12 《石林彝文平台》操作手册 byun xrix jhel hyin PPs! A rbec heey nsrd hj Ahndw hiys rqsx grij hjbs Uhudw hjes neri rpin lpe. rqsx IL jhc[ 4h hyjl hmee requ fad[ reec lehc hnjl lhx[ rnzsrec[ srdx 11 nljl nhcj Z kycl rnnl Jpey srnn hix[ hycj kqqa rsjy wrc[ dree hed[ hqin kyd[ renr rune hue[ 7 hyc[ kjox rquu rnee rre[ kkc[ huc[ huuy kiyc rnve gqx[ W mwc[ 0 hoh[ 分 hejx kez[ rdxu rdsL hlh[ uhyd kyql rdid mm mse[ lp.1p M mse[ hqwl hyix kdld rnee rle[ W mewc # hjx[ 司 hyls kyqz rnsu rnn[ hjw[ 4h hyin kiqx rosn mswe ruc[ kksd U huh[ 与 bby4 kyky rvsl ryc[ pccd 九 z hze[ 称 hnhn ren[ rpiefun[ W 46 6 hjsL hise rooc rlle M wyjj riseJp! wwc[ 46 hlf[ 7h hqyd rbx[ rjoe m uuc[ uhjx rnrx reqs m wdmo 与 hex[ nyrd rnox rqoe rwn[ wdun W ned rnnx riyi rec[ wudx hlnn hscl rquc reii W 牛 hldz hiuy rnzx rvse W wlwe 吕hsc[ nlx jsdll rvse wllc 7l hilj hius dnl riodxel 33 wsc[ Иll nyj[ hieh xbe. rzoi hqeq wlsc hrdw xbe. rqxe wewc 2 hizx hjee ronl rpse red[ W hiyl. # hcsl roec riyi weec zibz ruuc m wsin Y hrel hdcs rncc cuua W wsun m hyxl 焱笑负桌血容事 jsln rnnl dql hulw hydl rein udrd W wsmc wsun W jslx hisc rnzz weev hdun jsdl rnex dw[ 0 holh hili ec[ wsun rnxx susc k hjed hleo rnzi zeed rlln ussi Uhudw hele rdcc aijb ruuj T hth[ hdnn jfd[ 丝% rqnn aijuryun 1000 jfd[ 女hhje jsez rqiu 不和 alnz srd[ hbe 4hjed hxsc rdxx asld 地址：昆明市环城西路170号云南民族大厦6楼电话：0871-5340364、0871-5340743 《石林彝文平台》操作手册 、软件安装(以WINXP操作系统为例) 1、将软件光盘放入光驱，双击操作系统桌面上的“我的电脑”图标，再双击“光盘”图标， 打开软件光盘。 2、双击运行光盘中的“石彝XP”的EXE文件，进入如I下界面： 安装Windows 单击“确定”，进入下一界面： 在容可以协用程单 是，代费之即重到启动指的计整机。 、软件卸载 1、卸载输入法 ，将鼠标指向桌面右下 单击桌面右下角输入法图标舞，将输入法切换为英文输入状态「 角的盖图标，单击鼠标右键，单击“设置”，进入如下界面： 地址：昆明市环城西路170号云南民族大厦6楼电话：0871-5340364、0871-5340743 2 《石林彝文平台》操作手册 设置 高级 默认输入语 选择计算机启动时要使用的一个已安装的输入语言。 中文（中国）-简体中文-美式健盘 已安装的服务 为列表中显示的每个输入语言选择服务。使用“添加”和“删 除”按钮来修改这个列表。 中文（中国） 键盘 简体中文-美式键盘添加） 微软拼音输入法S0版 中文（简体）－王码五笔型86版 册除） 中文（简体）一增强型反位码 属性（E） 首选项 语言栏） 键设置（K） 确定 取消 如图所示，单击选中“石彝输入法”，单击右侧“删除”按钮，单击“确定”即可。 2、双击运行光盘中的“石彝XP卸载”的EXE文件，进入如下界面： 石林彝文宇库及输人法安 不的计目 单击“关闭”按钮重新启动即可。 三、软件的使用环境和应用范围 软件可运行于Windows98以上的Windows 操作系统，凡可处理汉字的软件都可处理彝文， 如公文处理系统、排版系统、网页设计、广告制作等。 四、学习石彝输入法 义，如“”字根定位在r键上，便于用户记忆。 1、输入方法：将彝文字按字根拆分，按从左到右、从上到下、从大到小、从外到里的顺序， 地址：昆明市环城西路170号云南民族大厦6楼电话：0871-5340364、0871-5340743 3 《石林彝文平台》操作手册 将这些字根所定义的英文字母--一打出，打满四键彝文自动跳出，超过四个字根的以第一、第二、 四键的补以“「”字符。 2、彝文字根定义： 2333333346353b: @666ののの c: )() d: ·DOU0D( 1 e： : --:-· f： : h: i: j:）」/」J k： I: Li( m: mmmmMmMMm↑M n: P: の q: r: s: △UVD:-:I川// 《》):J{,出现三个相同的字根 nmmr nno :n : >< 从m M 个 mM UOR@PPMmE 3m :M x:+XXααa∞ 8αxbo y: （（）;/ 2: Z [：不足四键的字用之补足 如：“”字可拆分为“U、十、、○”四个字根，输入“u、x、n、o”四键即可得到“” 最后的“d”键为末笔定位识别码。 3、末笔定位识别码：以彝文字的最后一笔在文字申所占位置来确定其输入键，有三种定位 方法。 《石林彝文平台》操作手册 代表彝文字面积，☆代长最后管位置 第一种定位法：最后一管较长，其长度大约和文宁长或宽相同，则按如下定位： 输入：g n 这六个字母在键盘上相互之间的位置如下图： 第二种定位法：最后一笔较短，其长度明显短于文字长或宽，则按如下定位： W ☆ ☆ b W e a S Z X 这九个字母在键盘上相互之间的位置如下图： b a S 《石林彝文平台》操作手册 第三种定位法：最后-一笔所占面积很大，不属于以上两种形式，则以最后一笔的终点来定位， 定位方法与第二种定位法相同。 4、字根字的输入方法：既是字根又是字的彝文字，则采用以下方法： ①字根字超过一画的，则先打这个字根所定位的键，再输入第一画、第二画、和最后一画所 定位的键，不足四键的补以末笔定位识别码； 如“”：拆分为字根又、一画、／画和-面，输入字母x、i、j、i则可得出“又”字。 如“α""：拆分为字根α、丨画、\画和丨画，输入字母x、1、y、1则可得出“”字。 ②字根字只有一画的，则先打这个字根所定位的键，再输入这个字笔画的起点和终点在末笔 定位识别码中定位的键，不足四键的补以“［”。如果无法找出起点和终点，则起点和终点都为“a” 键（都在左侧正中）： 如“○""：拆分为字根○(o)、左侧正中定位(a)、左侧正中定位(a)和“[”字符，输入字母 0、a、a、[则可得出“○”字。 五、石彝输入法编码表 心ljyd 甘 iudx 正 tihc 共 iydn 张 lccd seid xzp D icsj 亚雨正正而克洲交井州 XCCC tre[ 十 iccz 压yi Siyx iyyi ssc[ 字广 iyyz tnyc trc[M bnni dax[ 山 ulh[ 111 isin ticq H tec[ W biuu yijz pPb exne ticl 乐 W iwc[ # eyjL W win[ ixlj ijyd ijnn 光 lyjz 车 iltn 卡 ixle bzax 光 lyjz Wkin[ ① hed[ eyyz 料 ixel iexy J.(x M Wuigl 形 ehhc 卡 iyyc X iexl nxc[ W kigl ejyn 当lyjq dnlx elyc ijyn XIXX W kin[ irlc iyye iylq iyoy HL yilc W win[ 木 xyje X exc[ 业 ylji 米 pdxx T illx 十 xilh 双 iyyc 古 xsx[ IH tiil kxix E XII iexe Le zeig illl ixyj xsc[ ijpe njlc tQ irc[ xec[ XX ixxj uxnc xixi [/ nyj[ dnx[ 全 tsx[ 业 ijyn 0 bsdl xiou Z tlkx ②y wedd pxpn 片yiqc duw[ ydzx ijyn W iwdd # eyj[ iyjy tppx K lvcl liyyc[ hux[ xcld dhjy xeyc illc[ -= ilec iccj iphx 中 ydzz 芊 iyel 4z klh[ nnc[ 五 h kjzl 回npx[ 长 iccj tpn[ 6 ijpd iyxi U iuyd iyy xnxj ssj[ jre[ 同nyndJxzp # isj[ xoll 10l xodx 同 nos[ 长lejy tt ili IE 米xyiy h nqld 十 xde[ iyec mlil 地址：昆明市环城西路170号云南民族大厦6楼电话：0871-5340364、0871-5340743 6 《石林彝文平台》操作手册 去xisn 笔全不子7刀 jell 中人学开成冈孤邢女采严开五加川川不雨胖兴文秋开秘寻班严洲珊由日为不队 qiod qVSC ssc[ abs vssi qiod 132213131122 nddx qnze nsd[ kqin PPpu myd[ qncl ldil qigl SSZCqugl sqIc 余 lyjs 19 工m勋洲专学张泌岚 tltn qjzl inyc 7 sqo lzhl lvvvelsx 7 77九九两从7矛九天升司 snrx slzq qem lccc bbbb sxno tvvv 1qd qod ripn lyjn lees qiod ： cqpi ulux plql (qzc bbbb 人千X介州X令XXXX介狐爪华》 文 xdw jxx[ qnyd xdx[ vjlc (cc) igl ex[ qvvc glnes qec[ nrh[ xx[ oozb Ivyx rigl Inn qdld yjd riw[ jelcivyx zAbb qine 1v00 azbb qded seqse iqel qqes ivuu cied ivvn vljy ccl xsbb bin[ vyji lhx[ qqne TEE vjln usdd uuvo qqly ssaq qpid 二 XXXX qsc sexl xsjl IE eiec sszi 4 llh[ xnne qiyd rizc qqsl qqxx lvj[ uveo qunc rxx[ ezea lzc[ X qiqx qzei xxvj qsld qztd lsz 《石林彝文平台》操作手册 6 lbz lgql lyhx 令亏号罗中中日日 团物分回正 pedl ccjl Z czec lrc[ pigl pnlx pulx lzye ccjl cicy ptjl Thqq Isls czc cixr plh[ vexl yqc (6) ccic scc[ liyj ccyx Jpen pxh[ qced 七 ule[ llec llnc lyqv zlcq uhx[ xd[ lics cxs[ Y uhyx Inl rscl H jtjL ulx[ ulh[ sezl puun u nuwl + lyzc lqqc lill DL dzcl U pvil SZSC iupn D- ctgl uin[ elyd pudi cunc 子 id[lydq pxox 00C occj uunn lyin lydz lyee xccd + xud[ livc Ixcc. Ilxv xccj X idnn osjl pxox ctcj rux lysl dszc sqc scj ssc[ lyei pc cldc lypn rxxC dzzc lypn pire DC cced Itlu 忆 qllx eyce zclc pec[ ypzz psex 片 cttc vpn[ ipyc lysq ccei dis[ lldc piyj lysq cccn izhx lelh luux ppls F Itci cscl uenn llox wpnl liuy pude cidy qiyc ljhc llee CSCC uyhj ljhc ltyc pxpx pxse XCCC welc ludw lulc lrud rsd[ cire uynn lhlc luex pirx uyux czcj diein llsc (DIYlrdx pzzc csig lirc ilxx uwwl 1112 zicc utin 分 prs[ pyjl Itlu cicu X pudn (+ unvn licd xccj udlh Ihjx cick unxx pzx[ lrud zecc uslh rilx xlep cicr lire lxin uelh ptx[ lelx peod Idss (X) cixc uiyc A pndx 毛 lelc peec lles (1 ciyc ulzqpudw 44 ujhc ellx pize uosn 《石林彝文平台》操作手册uljl 当 ueli n nnsc 00XS noee zxd[ udix 日重果显罗等黑混※焱朗0Xm贝石α6 uujs nsac ? osc[ 母界晶 oxee uxin dsee snrd Z0 ozea oejnuxnn udlu 10 xold odoe bzn xxnnueex nsqi Oxix 80 oeod updx uxyi nle() ohhh oeje qyjl issh oryx : oeze qyjl usxs eenn oryx @ noee ooyc mxuh uelq ccnn vjyo 7 zibs ueed isls oaa olcc 二 zqel 中 ueec lule oigl oljy U lzc[ Z U uzns usnn oidl oxin MWZZZ zkd[uvvv usue ojz[ 00XS zmd[ udxi noz oywl oyjl zws[ uyvc nc olwl orex Jxbzccum inc[ 00 ore[ behx osd[ nrc[ Q olcl oxyj zin[meuh nhzl O 00sL ccoe zmd[ ZWWC udpd nhx[ ③ owx[ odxu Z siyy Jpaz updi /noz ocx[ ooly zoa zuud xuxu ds[ ozc[ noxo zxj[ ccuu nooc uogl oixl ZOCC uxxi vdnc uogl oevc ZZZC dmix xnn[ ohx[ 6 ottd leen nnlx qodx iol wesc Z石网 nccc onlx uluq nlzc ouux ilui nbdx O odun leeh desk onnc ① oxh[ nnnc otd[ oyex yjnc OZOC ojyu dyd nnnc 0f6 orlh poyy nhyx qZ OZZC dydy naig oclc OSZr zoed nhig yjozccnd 000S zrwc nnuu oxsL ZOOS udhh H关K xxnl akos oejh zrlx zclc nuei ynjy ① ocdd beae aial uele nhnh O ozjh znc[ snlc 0f oxlj Dehy zyc[ zxc[ ueem oeec ziun zude 《石林彝文平台》操作手册 (Z) ZCCC kxx[ zqlc ZSSX 7) ) acd[ aeyx # zyc[ zywd uitn zhes arc[ aiyd ZCCC zxin yzyc ZSSX ajwe axyd jzjc zjel oaed alh[ axod ZiZC zxnc yzun zisd aujh aixd zild zywd aioe axld aqxe zrux Kell ZrWx kedl aioj aeac adad quj ziss ezec lujx zjly ZOSC uujh ZXSS zyd[ zicd zjod zzie zyy zhos zyn zynn zjoo saqx zisc ztzz axnl zelx une[ zzun accg aqsx hayi zzdi aqce zlo zuln ZZSC sedl awwd eacc uue[ secl kaze dasd Izlc zlex aiee :zll zdzd cpdo seie aeec CZZC zvec aijb axj[ aeex ajlc aiix ZCCC zsl aij anil aqle zyin zezi azc[ accd zlyw zsiz jxpe axed sc[ zvyw XZCC awel zjvd zsyd asyl zqne zyc ziyi aiyl aqxl zrwd zeec zelc zxen yyu arel ssx[ aoxl30 avsc zuyc aojl ejac elx 比 ziel [xbe ruu zxxi KeAe aiqj ztec zjxj Jzsb Zzy ztec [Kne airc ZZXX ZSSC uudj aydl aiou bcs[ zada zssd acs[ aixx 6 bdx[ 2 zxxdtec[ zxxd hzee auel sbsb bxx[ kec[ zyuu 众M zjyy czc[ hayd 67 baie 7 孤 争 qlec ZXZC zsid zzyy arel aijx 地址：昆明市环城西路170号云南民族大厦6楼电话：0871-5340364、0871-5340743 10 《石林彝文平台》操作手册 byun xrix 1 jhcl hyin PPs! A rbec6=50 beey hj Ahndw hiys nsrd 4%6 hjes rqsx grj neri hjbs hudw rpin rad[ IL jhc[ h 7 hyjl hmee requ rqsx 5 Ibx[00 lpey reec 4 lehc hnj[ rnzs10 rec[ srdx 11 nljl 为 nhcj kycl 0 hycj xkqa lpey uurs hix[ wrc[ 0 dree hed[ 五 hqin kyd[ renr rune 义 rnee U huel 7 hycl kjox rquu S kiyc rnve rre[ (kkcl huc[ huuygqx[ W mwc[ 07 hoh[ 元 hejx kez[ rdxurds[ hlh[ uhyd kyql rdid 000000廿号号d册号00学0考是& drd msc[ M msc[ 7 hqwl 当 hyix kdld rnee rlc[ W mewe n hjx[ 司 hyls kyqz rnsu rnn[ hyin kiqx mswe hjwl 0人元出 rosn uc[ kksd U huh[ 与 hiqq kyky rvsl pccd 九 hzc[ hnhn ren[W wyjj 46 hjsl hise rooc 33 wwcl 46 hlf[ h hqyd rbx[uucl Y uhjx hhji reqs nyrd 383)3 rnrx wdmc hex[ jslz rnox rqoe wdun W ned[ 1.6 hsc[ rnnx wudx hlnn 考 hscl rquc W Ked[ 4 hldz hiuy rnzx rvse W wlwc 三hsc[ jsdl nlx rvse wllc 5l hilj 5 hius rdn[ riod w Ill nyjL wsc[ hieh xbe.1 rzoi W wlsc &hrdw hqeq xbe.1 rqxe w Z hizx hjee 3 wewe ronl ed[ W weec 一 hiyl. hcsl roec ruuc m wsin Y hrel hdcs rncc W m hyxl 焱笑久桌血智事 ruua wsun hulw jsln rnnl pipn W wsmc hydl rein Jxx.1 wsun jslx hisc hdun jsdl rnzz weev rnex wsun '0 holh hili rnxx susc 6 hjed hleo Uhudw hele rnzi rlln ho ussi T hth[ hdnn rdcc aijb ruuj jfd[ rqnn aiju boo jfd[ thhje jsezryun hbel 46 hjed %6 rqiu alnz srd[ hxsc rdxx fasld 《石林彝文平台》操作手册 △△瓜A本O两A瓜面 6 hjre X exed 凶M的 xllc 7 zild nvvs uoedxuc[ 7 zilc hjcz nvve 606 jfel nvvy olzdxhhc 2 sqcl mjee xyd S sad[ 606 jfel olcc ixhx sad[ hbel iupc 麦elaa 7 kjii ohdx S sez oohc 7 lqcc Z axee xd dss kj iupi Y jab. aij 6 zibz ZSSC 6 p.1<n zpd[ kijy hwsl 0△0 upen tlzc roox tziz hqs[ ZZZC 6 bax[ rnnl qwx[ pos[ zec[ 6 romc zccd beal 0 rad[ upxn IZZC ? xlyl vjye tkod rzc zii cqzl grji pbbx nnhclpey iji hoxs tqdc jwz[ 200 wec[ qdc cec[ rre[ XSXX uwe[ lp sqsn hqey MW mjyy ixcc 品加 ndds zdcc uss[ qzod zkdd U uqe[ kjyj tiio bbx m mnnn znyn B ndxx uiui M rnuy V. lvdc zeze jea[ mjyy % tysy uili W wyjj ixno odzd xlyl u uuul tlyt srsc uqel W win[ ssod nzc[ wuue oaal W kyjy jobs ovuo W wuuu qqdz WИL wyji zcl 市办 <xd Z irie xlc[ L ziyi 7 xhx[ Z zij qiey nljl qqid Kabb xcde njyj xtj[ 7 zilc hjij Isjn qizo 地址：昆明市环城西路170号云南民族大厦6楼电话：0871-5340364、0871-5340743 12 二、做什么？去哪里？ 三、询问 四、介绍 四、介绍 五、喜好 六、请求帮助 七、问路 八、时间 九、年龄 十、语言 十二、购物 十二、购物 十三、比较 十四、衣着 十五、打电话 十六、看病 十七、照相 十八、理发 十九、餐馆 二十、乘车 二十一、农业 二十二、工作 二十三、教育 二十四、婚姻 二十五、旅游 二十六、介绍石林 后记 《石林撒尼口语400句》经过两年多编写和录制终于出 版了。 本项目从策划、编辑到制作出版，得到许多老师、领导 及朋友帮助。在这里特别要感谢中央民族大学李德君教授、 黄建明教授，以及云南民族大学昂自明教授，云南省少数民 族语文指导工作委员会办公室梁红、毕云鼎老师，他们精心 指导并给了许多具体帮助。李德君教授和傅鸣工程师亲自承 担多媒体光盘编导摄制任务。领导和朋友的支持，老师们认 真、严谨的治学精神，让我们很感动。正是在大家的关心和 帮助下，本项目才得以完成。发音人高玉中、何晓君细心认 真，准确无误，毕桂仙承担了摄像阶段部分片务工作。在此, 项目组对所有支持、帮助、参与本项目的专家、领导及朋友 们，一并表示深深的敬意！ 王向方 2012年11月14日",,,1.问候与拜访\008.mp3,
9,你要去哪里?,"h133 qp""'ta 33tg33 2]33?",你 哪里 去,你考搭日?,1.问候与拜访\009.mp3,4
10,散散步。,133tso33 tsha33 yur33qp33.,这里一会儿走玩,伊卓叉额高。,1.问候与拜访\010.mp3,4
11,来家里坐坐。,hae33gu33 n331r33,家里 坐,哈哥尼哩。 一、问候与拜访·5,1.问候与拜访\011.mp3,4
12,好的！我有点事要先走了。,zD21a33!np33 sts033 kD33y33133a33.,好的 我事有 走了,呀啊！敖始卓高扼哩啊。,1.问候与拜访\012.mp3,5
13,老普在家吗?,33 tso33ts0331p55?,老普家里 在在,老普哈哥卓卓啦?,1.问候与拜访\013.mp3,5
14,在的。,tso33155,在的,卓哩。,1.问候与拜访\014.mp3,5
15,请进！,1y21gu33133！,请进 6·石林撒尼口语400句,勒哥哩！,1.问候与拜访\015.mp3,5
16,请坐!,tce33!,坐快,古尼江。 （注：撒尼语中如果直接说成“亏”即“请坐”，语气会显得生硬， 加“”，语气就客气柔和了）,1.问候与拜访\016.mp3,6
17,我倒一杯茶水给你。,"np331331D21z33 thr2pe33Xx33n,33br21",我 茶水一杯倒你给。,敖哩老日提杯喝你比。,1.问候与拜访\017.mp3,6
18,不用麻烦啦！,ma21zo33a33! 示fss,费事 不用了,费四玛若啊！ 一、问候与拜访·7,1.问候与拜访\018.mp3,6
19,你有什么事吗？,n133a33mrs21 tso33?,你什么事有,，你阿咪始卓?,1.问候与拜访\019.mp3,7
20,我来你家串门。,np33 n133v133 qp33133 na 55 是 直译我你家玩,,敖你威高哩卓按。,1.问候与拜访\020.mp3,7
21,我来跟老普商量一件事。,gp33 1a33phu33 kp33 s21th21mp33 tsu33gy21mu33 133tso033,我老普与事一件 商量,，敖老普高史提玛则隔木哩卓。,1.问候与拜访\021.mp3,7
22,我要走了。,Yy33113333,我走了,，敖厄哩啊。,1.问候与拜访\022.mp3,7
23,再坐一会儿。,hg33 33 n,一会儿坐,差尼噻。,1.问候与拜访\023.mp3,8
24,留在这里吃完饭再走嘛！,,这里在着吃完 走,伊达卓啦，早哈高厄哦啊！,1.问候与拜访\024.mp3,8
25,不用了，我还有其他的事。,"ve1n$s21 ter tso33 aess121 021g033a33, np33 mD 我其他事一点有是还 直译不怕",,玛郭啊，敖瓦尼始进卓按噻。 （注：彝语“田”直译为“不怕了”，在此其意义相当于“不用 一、问候与拜访·9 了”或“谢谢！”),1.问候与拜访\025.mp3,8
26,有空来家里坐坐。,s1²1mp21tso33 eleab 33 ha33gu33 n33133,事没有 要是 家里 坐来,始玛卓考安哈哥尼哩。,1.问候与拜访\026.mp3,9
27,会来的。,,来会,朵哩个咦。,1.问候与拜访\027.mp3,9
28,请慢走!,Yy33! 走 直 译 慢慢,,呀呀厄！ 12·石林撒尼口语400句,1.问候与拜访\028.mp3,9
29,你在做什么？,α33m133 mu33tso33? n133,你什么 做着,你阿咪木卓?,2.做什么 去哪里\029.mp3,12
30,我在看书。,1 np33 s s'ne33ts033,我书看着,敖四奈卓。,2.做什么 去哪里\030.mp3,12
31,我在做事。,np33 'ee0steenu rals,我事做着,敖始木卓。,2.做什么 去哪里\031.mp3,12
32,你昨晚看电视了吗?,n133 15m33 tie2s?1 ne33ne33?,你昨晚电视看看 二、做什么？去哪里？·13,你艺咪电视奈奈?,2.做什么 去哪里\032.mp3,12
33,看了，我还看了石林新闻。,"ne33a33, np33 1u5d33 Gr33ve21 nae33 ne33tae33.（注：路南县于1998年10月8日更名为石林县，但民间仍习惯用“W",看了我路南 新闻 月也看着,奈阿，敖乐低新闻喃奈当。 乙”即“路南”表示“石林”),2.做什么 去哪里\033.mp3,13
34,你去哪里?,nor33 q²D3ta33z33?,你哪里 去,你考嗒日？,2.做什么 去哪里\034.mp3,13
35,我去上班。,np 33 pa 33..55 Ds.s1 33,我班上去,敖班上日。 14·石林撒尼口语400句,2.做什么 去哪里\035.mp3,13
36,一会儿我要去打篮球。,thr²1ku5to55np33php33thae21dae21 Z1 33 Z033,一会儿 我篮球 打去要,体个道敖抛抬打日若。,2.做什么 去哪里\036.mp3,14
37,到朋友家串门去。,pe331e21v133 qD33 33 Z3 33,朋友家玩去,呗来尾高日。,2.做什么 去哪里\037.mp3,14
38,明天你打算去哪里？,a21gu33 n33 issaln e ceeeea n133,明天 你 哪里去 打算,阿哥尼你考嗒日抵堵啦?,2.做什么 去哪里\038.mp3,14
39,我要去昆明办点事。,np33 qo5szD21 s121 terss mu'z1 33.33,我 昆明 事一点做去 二、做什么？去哪里？·15,敖果绕始借木日。,2.做什么 去哪里\039.mp3,14
40,去看望父母。,tsho33zae21 thr2pa33 ne33z33.,人大 一下 看去,措呀替八奈日。,2.做什么 去哪里\040.mp3,15
41,你在哪里吃的饭?,q²b33ta33 tsp33dzp21 1 na33? h133,你 哪里 饭吃是,你考嗒遭早安？,2.做什么 去哪里\041.mp3,15
42,我在朋友家吃的饭。,np33 pe331e21 va33 tsp33dzp21 pess.,我朋友家饭吃 是,敖呗来微遭早按。,2.做什么 去哪里\042.mp3,15
43,喝酒了吗?,,喝酒了吗,知志当当？,2.做什么 去哪里\043.mp3,15
44,没喝，我不会喝酒。,"ts$'mp21te33, gp33ts33ts$s mp'1kuss.",喝没到我酒喝不会,志玛当，敖知志玛个。,2.做什么 去哪里\044.mp3,16
45,喝了一点。,t²r2tcr'zp21 ts'tae33.,一点儿 喝到,体借绕志当。,2.做什么 去哪里\045.mp3,16
46,他什么时候来？,kh33qhp33thr²1ky55 d033133?,他什么时候 来,克考替个朵哩？ 二、做什么？去哪里？·17,2.做什么 去哪里\046.mp3,16
47,谁告诉你的?,"a²1sp33 1r33be33n,1334u33 ne33?",谁 告诉你 是,阿撒哩摆你舍安?,2.做什么 去哪里\047.mp3,17
48,你和谁去?,nr33 a21sp33 k033z33?,你谁和去,你阿撒高日?,2.做什么 去哪里\048.mp3,17
49,你为什么不同意？,n133 qD33z33k33 tho²mp²1 zs nae33?,你为什么 同不意是,你考日高同玛意安？,2.做什么 去哪里\049.mp3,17
50,他说什么？,kh33α33mr33 be33tso33?,他什么说着 18·石林撒尼口语400句,克啊咪呗卓?,2.做什么 去哪里\050.mp3,17
51,你拿这些东西做什么？,n13333non21dzx33v133a33m133 m33?,你这东西些拿什么做,你伊糯嗯则微啊咪木?,2.做什么 去哪里\051.mp3,18
52,这件事你是怎么想的？,"133 s121D3² n,r33 Z1 ca?11nss?",这事 你怎么 想,伊始啦你考日想啦？ 20·石林撒尼口语400句,2.做什么 去哪里\052.mp3,18
53,他今天开会吗？,kh133 121n33hui55khae33khae33?,他今天会开开,克依尼会开开?,3.询问\053.mp3,20
54,他今天不开会。,kh33121n33 huiss,他今天会不开,克伊尼会玛开。,3.询问\054.mp3,20
55,这本书是你的吗？,s'pu21 1033 n 133 55m nae3'nae33?,这  书本 你的是是,伊四本啦你敖安安？,3.询问\055.mp3,20
56,是的，是我的。,ae33z5， 033y033 naess,是的 我的 是 三、询问·21,安义，凹敖按。,3.询问\056.mp3,20
57,他有兄弟吗？,kh33v13²nae33 tso33ts033?,他 兄弟 有有,克尾安卓卓？,3.询问\057.mp3,21
58,没有，他是独儿子。,"mp21tso33, kh33 33 ZD 021ts2s5 mD 33 naess.",没有他 儿独一个是,玛卓，克日绕字玛按。,3.询问\058.mp3,21
59,你家有兄妹几个?,eeJeaua nrva 33033 mu..nw 33 55 tso33?,你家兄妹 多少个有,你微木讷考哪方卓？,3.询问\059.mp3,21
60,她排行第几?,qhp331a33 nae33?,她 哪个 是,克日考啦安？,3.询问\060.mp3,21
61,她是老大。,kh33z33zae²1mp33 Jaess.,她 大的 是,克日呀玛按。,3.询问\061.mp3,22
62,家里还有一个妹妹。,hae33gu33 nu5mp33 th21mp331 tso33s121.,家里妹妹 一个有还,哈哥讷玛替玛卓噻。,3.询问\062.mp3,22
63,你最近怎么样，身体可好？,n13 133np33 eemdemy ieezelzeab tsa?'tsa?l?,你   最近 怎么样身体 好好,你伊哪考日耶？搁波扎扎? 三、询问·23,3.询问\063.mp3,22
64,非常好。,so21lo21tsa²1.,非常好,说啰扎。,3.询问\064.mp3,23
65,最近你看见老毕了吗？,r33n033 -33 lp33pr21 nr nae 33 iecos ccolecol 33,最近 你老毕看见见有,伊哪你老毕奈哦哦卓？,3.询问\065.mp3,23
66,最近他在做什么？,33m33 mu33tso33? 133no33kh33 am1,近来他 什么 做着,伊喏尼啊咪木卓？,3.询问\066.mp3,23
67,听说他到北京去了。,nD331nssz33 kh33 pe2te33 gur33dz?1a33. 去了 直 译 听说 他北京 24·石林撒尼口语400句,,哪啦日克北京革纸啊。,3.询问\067.mp3,23
68,去年曾来过我家。,133n33 tsha33 d0331133tae33 np,去年我家 曾经来过,伊尼敖微岔多哩当。,3.询问\068.mp3,24
69,我们认识有五年了。,ga21 ts33ts33 sass gp55qho21 1021pss,我们互相  认识五年满了,翱知知飒奥阔啰啦。,3.询问\069.mp3,24
70,我们是好朋友。,"021s,s5 pe331e21 tsa²1mp33 nae's.",我们 朋友 好的 是,阿思呗来扎玛按。,3.询问\070.mp3,24
71,我们已经有一年多没见面了。,α²1s5 Z 1qho21 mp2lbp21 ne3go033mp2'nos5a33.,我们 一年 多于 看见 不曾,啊四日替阔玛把奈哦玛糯啊。,3.询问\071.mp3,24
72,怎么啦?,ssaleeheezeab nae33?,怎么啦 是,考日耶啦安？,3.询问\072.mp3,25
73,这是什么？,1331p33 α3mr 33 gae33?,这个 什么 是,伊啦阿咪安？,3.询问\073.mp3,25
74,这是笔。,g033te[133 nae33. r331p33（,这个 笔 是 26·石林撒尼口语400句,伊拉果机按。,3.询问\074.mp3,25
75,这是你的东西吗?,1331p33 nbr 33 1-1G-cou na3'nae33?,这个  你 东西 是是,伊拉你诺安安?,3.询问\075.mp3,26
76,是的，这东西是我的。,ga33z155，33 no'gr21 1p33 gD33yD33 gae33.,是的 这东西 我的是,安咦，伊诺呢啦凹敖按。,3.询问\076.mp3,26
77,不是，这不是我的。,"示mp2'nae33,1331p33 np'yp 33n33 mp'nae 21 33",不是这个我的不是,玛安，伊拉凹敖玛安。,3.询问\077.mp3,26
78,这是谁的笔？,g033tc33 133 a21sp33 yp33 r33 na33?,这笔 谁的是,伊果机啦阿撒袄安?,3.询问\078.mp3,26
79,是小王的。,cip33va²1 YD33 naess.,小王 的是,小王敖按。,3.询问\079.mp3,27
80,那里好像站着一个人?,,那里人一个 站着 好像,科嗒搓替玛核止啦木耶？,3.询问\080.mp3,27
81,不是，你看错了。,"mp2rne33, n133 1 ne33tshoss xp331pssa33.",不是你看错,玛安，你奈错哈啦啊。 30·石林撒尼口语400句,3.询问\081.mp3,27
82,你叫什么名字？,n13²3ma33qD33z33 ieeostem,你名 怎么 叫着,你曼考日额卓?,4.介绍\082.mp3,30
83,我叫赛阿。,np33 z33 4ae33yp55 dr²1 mae331p55.,我 赛阿 这样名,敖日赛阿抵麻啦。,4.介绍\083.mp3,30
84,这位是从昆明来的李老师。,133 cr33tsn33 1D33 z33qo5zD21 kD33 do3133,这老师 昆明 从来 las'naess. 是,伊西知啦日果绕高朵哩啦按。,4.介绍\084.mp3,30
85,我见过这位老师。,no3333cr33ts3 133 ne33go3no5,我   这  老师 看见过,敖伊西知啦乃哦诺。,4.介绍\085.mp3,30
86,我们见过面的。,"αa21s,ss tsha33 ne33g033 55 no",我们 看见曾经,啊四查乃哦诺。,4.介绍\086.mp3,31
87,认识你很高兴。,nr33 ts$ta33 Z1 s021021 lussa,你遇到 非常 高兴,你字搭日说啰乐啊。,4.介绍\087.mp3,31
88,那个穿红色衣服的小姑娘是谁？,kh133 4033be33 n33bu21mp33 ku33v1211p55 红色 穿着 直译那．衣服α²1ma21zo²1 z33 α²1sp33 nae3 ? 小姑娘 谁是 32·石林撒尼口语400句,,，克说邦呢补玛姑围啦阿曼绕日啊搔安?,4.介绍\088.mp3,31
89,是我的妹妹。,np 33 nu5mp33 55 naess.,我妹妹 是,敖讷玛按。,4.介绍\089.mp3,32
90,她是做什么的?,khr33a33mr33 m 33+. nae33?,她什么做着是,克阿咪木卓安?,4.介绍\090.mp3,32
91,她是学生。,kh33 s5 so33 a²lnu33 gae33,她知识学习小孩 是,克四梭阿呐安。,4.介绍\091.mp3,32
92,你姓什么？,四、介绍·33 示n33v33 a33m321 ga33?,你家什么姓是,你微啊咪氏安？,4.介绍\092.mp3,32
93,我姓王。,p33z3² a33ne33 v133 naess.,我 王姓是,敖日阿乃微按。,4.介绍\093.mp3,33
94,这是我的朋友。,31p33z3² np33 pe331e21 naess.,这是 我朋友 是,伊拉日敖呗来按。,4.介绍\094.mp3,33
95,"我是野核桃树村人,以后路过来家里坐。",nD33 s?1mr33tsr3tae33 tsho33gae33， du33mae5skD33tae33 z33 hae3gu33 qo31133.,我 野核桃树 人是 以后 路过 回来 家里 34·石林撒尼口语400句,敖斯蜜资嗒搓安，都漫高当日哈哥国哩。 （注：按撒尼习惯做自我介绍） 36·石林撒尼口语 400句,4.介绍\095.mp3,33
96,你喜欢这件衣服吗?,"ne33tae33te33? 133 4033be33 1p33 n,133 你看着着 直 译 这 衣服",,伊说班啦你奈当当?,5.喜好\096.mp3,36
97,很喜欢。,so21lo21 ne33tae33. 看着 直 译 非常,,说啰奈当。,5.喜好\097.mp3,36
98,你喜欢吃什么水果？,n133 a33m133 dzp21s2ldzp2llu21 dzp21 xp55?,你什么 水果 吃喜欢,你阿咪早似早了早号?,5.喜好\098.mp3,36
99,苹果、梨、杏、桃子都喜欢。,sn21yu²'mp33 Eenwecox dzo21 xpss. 桃子 都 吃 喜欢,,苹果玛、斯吃玛、斯告玛、斯讹玛木早号。,5.喜好\099.mp3,36
100,你喜欢喝酒吗？,"t$’""ts12 33ta.55 XD 55 xD$s?",你 酒喝 喜欢喜欢,你知志号号?,5.喜好\100.mp3,37
101,我喜欢喝。,示 gp33 ts1s xo5s.,我喝 喜欢,敖志号。,5.喜好\101.mp3,37
102,我不喜欢。,XD 55,我喝不喜欢 38·石林撒尼口语400句,敖志玛号。,5.喜好\102.mp3,37
103,有空时你喜欢做什么？,n133 a33m133 mu33 xDss?,事没有时你 什么 做高兴,始玛卓讨你阿咪木号?,5.喜好\103.mp3,38
104,我喜欢做饭炒菜。,np 33 tsp33mu33 yo21tces5 4u33 xoss.,我饭做菜炒喜欢,凹遭木哦借输号。,5.喜好\104.mp3,38
105,洗衣服，打扫屋子。,"1033ba33 tsh21, hae33gu33 $133.",·衣服洗 屋里 扫,说班此，哈哥斯。 40·石林撒尼口语400句,5.喜好\105.mp3,38
106,请帮我一个忙。,gp33 ko33 th21pa33 m3gp33 133. 帮忙 直译我 一下,,敖高替把木高哩。,6.请求帮助\106.mp3,40
107,你能帮我买这本书吗？,"Izmdizlul iemdssls el eay eeal n,r33 1 3333noss dr²1dr21?",你我 这 书本 一本买去 要行行,你敖高伊斯波替本挖日，哦滴滴?,6.请求帮助\107.mp3,40
108,你能告诉我在哪里能找到这些书吗?,"n133 tsha33 IzxZP rzmdssls ce eemeealaqq""p33ta55 kp33 i1eIPeeeleeas",你一下告我诉这书本 些 那里 找到能,你叉摆敖舍伊斯波则考嗒高稍当滴? 六、请求帮助·41,6.请求帮助\108.mp3,40
109,你能借我一点钱吗?,nr3 dz²1 tc5 tsh21np33br21 dr²ldr21?,你钱一点借我给行行,你止记齿敖比滴滴？,6.请求帮助\109.mp3,41
110,你需要多少?,qhb33np33 no55 133 na33? n[33,你多少 要 是,你考哪哦哩安?,6.请求帮助\110.mp3,41
111,你能帮我拿一下这些东西吗?,"nr33 asouee eey elvr3gp33, o5dr21d21? thr2'pa33",你我 这东西些 一下拿帮要得得,你敖高伊诺讹则替把微高，哦滴滴？,6.请求帮助\111.mp3,41
112,请帮我拿一下东西。,np33 kp33133 no55n1²1th1²1pa33v133.,我 这东西 一下拿,敖高伊诺讹替把微。,6.请求帮助\112.mp3,41
113,请帮我开一下门，好吗？,np33kn33 hae3qp33 tsha33 Ppssol'eeleenyd,我 房门 一下打开 要得得,敖高哈高叉扑哩，哦滴滴？,6.请求帮助\113.mp3,42
114,我能问你一个问题吗?,s²1th2mp² np33 nr33 33 np33d31dr31?,我你事一件问行行,敖你始替玛哪滴滴？ （注：“与与”意思为“行不行”、“能不能”、“得不得”，使用 时根据句子的需要确定意义),6.请求帮助\114.mp3,42
115,请倒一杯水给朋友。,233h21pe33 33 pe331e21 b121,水一杯倒 朋友  给 六、请求帮助·43,日替杯喝呗来比。,6.请求帮助\115.mp3,42
116,如果没有你的帮助，我不可能这么顺利完成这件事。,n6133 1r33 np 33 kp33 aw..nu 33 21 gp 33 33la33 133 mu33xp33 mp21dr21.,你 我 不帮忙 如果 这事这么容易 做完不能,你哩敖高木玛高考安，伊始伊哪螂哩木哈玛滴。,6.请求帮助\116.mp3,43
117,好的。,ZD21a33.,好的,呀啊。,6.请求帮助\117.mp3,43
118,谢谢!,gu33bu33a33!,谢谢,歌布啊！ 44·石林撒尼口语 400句,6.请求帮助\118.mp3,43
119,对不起，请你等一会儿。,tui5dz²1mp21dr21a33，n133 tsha33 40331ps5 直：译对不起了 你一会等着,,，对止玛滴啊，你叉说啦。,6.请求帮助\119.mp3,44
120,可以啊。,no5'dr21a33.,可以啊,哦滴啊。,6.请求帮助\120.mp3,44
121,麻烦你了。,nr33 f's$5a33.,你费事了,你费四啊。 46·石林撒尼口语400句,6.请求帮助\121.mp3,44
122,你是哪里的人?,"n,r33（ EeouSteeDteeaub nae33?",你 哪里人是,你考嗒搓安？,7.问路\122.mp3,46
123,我是糯黑村人。,noxu33t ga33 tsho33 ga33,我糯黑 人是,敖糯黑搓安。,7.问路\123.mp3,46
124,你住在哪里？,nr33 qha33ta33 isalea,你 哪里 住着,你考嗒尼啦？,7.问路\124.mp3,46
125,我住在海邑。,go33 n331p55,我海邑‘住着 七、问路·47,敖霞日尼啦。,7.问路\125.mp3,46
126,你在那里住多长时间了?,kho21 1021 a33? 示n133 kh133ta33 qD33np331,你 那里 住多少 年有了,你克嗒尼考哪阔啰啊?,7.问路\126.mp3,47
127,已经有四五年了。,h$'nps5qho21 1021a33,四五年 有了,似奥阔啰啊。,7.问路\127.mp3,47
128,你家就住在我弟弟家隔壁。,"n,133v33 33n331pss.",你家 我 弟弟家 旁边 住着,克微日敖跑木微呐招尼啦。 48·石林撒尼口语400句,7.问路\128.mp3,47
129,你们是邻居。,033hae33zo21 nae33.,你们 邻居 是,那日哈玛哈绕安。,7.问路\129.mp3,48
130,大姐!这是什么地方?,"a5za²1ze1mp33！133ta33 33m.33 mr3tu33 α""mr 什么地方 直 译 姐姐 大的 这里na33? 是",,阿然呀玛！伊嗒啊咪咪得安？,7.问路\130.mp3,48
131,这是石林会议中心。,13ta31ud2xui5khae33 du21 33 nae',这里石林 会开地方是,伊嗒乐堤会开堵安。,7.问路\131.mp3,48
132,请问去行政中心怎么走？,cr33tsu55tso3 133 Z1 33 yw3?,行政中心去 怎么 走,行政中心日考日厄？,7.问路\132.mp3,48
133,顺着这条路走就到了。,kp3mp33 33331.33 yu33 tsoss tsh33a33.,大路 顺着走就到了,嘎玛失失哩额卓吃啊。,7.问路\133.mp3,49
134,还远吗？,示mr33vr21vr21 s121?,远吗 还,咪尾尾噻？,7.问路\134.mp3,49
135,不远了。,mr3mp21v21a33,不远了,咪玛尾啊。 50·石林撒尼口语 400 句,7.问路\135.mp3,49
136,很近。,mr3ne21zn21 1ssze33,很近 只是,咪喃绕哩耶。,7.问路\136.mp3,50
137,谢谢你！,nr33 ieeDeenqeemb,你 谢谢了,你个卜啊！,7.问路\137.mp3,50
138,不用客气。,khy33tch55 mp21zo33.,客气 不用,客气玛若。 52·石林撒尼口语400句,7.问路\138.mp3,50
139,今天星期几?,α33m133 Gr3tch33 n 33 nae33?,今天什么 星期日子是,以呢阿咪星期呢安？,8.时间\139.mp3,52
140,今天星期一。,gae33,今天星期一是,以呢星期一安。,8.时间\140.mp3,52
141,昨天是几号？,r5sn33 t33x21 33. nae33?,昨天几号是,亿呢几好安？,8.时间\141.mp3,52
142,昨天是10月3日。,15n33 z133sn21ze31 nae 33,昨天 十月三日是 八、时间·53,亿呢日十月三日安。,8.时间\142.mp3,52
143,后天是什么日子?,1 n33 33 α33m133 n33he21 ne3?,后天 什么 日子 是,排尼日啊咪尼孩安?,8.时间\143.mp3,53
144,后天是火把节。,phe21n33z33 n2tsr33h33 ZO 334n33 a gae33. 直．译后天 六月 二十四 是,,排尼日若烧呢策斯安。 （注：这里的“六月二十四”是指“农历的六月二十四日”，在撒尼 民间特指“火把节”）,8.时间\144.mp3,53
145,现在是几月份？,a²gae3² α33mr334p33 ZT 33 33 gae33?,现在 什么月是,啊安日阿咪烧安？ 54·石林撒尼口语400句,8.时间\145.mp3,53
146,现在是三月份（农历）。,·a²1ne33z33lu21433 gae33.,现在 三月 是,昂安日鲁烧安。,8.时间\146.mp3,54
147,今年是什么年?,tcqho21z33a33m33qho33 nae33?,今年 什么年是,借括日阿咪括安？,8.时间\147.mp3,54
148,今年是兔年。,crgqho21z33 tho²43qho33 nae33,今年 兔年 是,"借括日妥烧括安。 [注：石林彝族撒尼语中,表示星期一至星期五与汉语一样，星期六、 星期天则用“7矢”（cr3n3，谐音：些尼）表示，即“休息日”之 八、时间·55",8.时间\148.mp3,54
149,现在什么时间?,a²1ge33q²b33 thb²1 tsh31s5?,现在 什么时间到了,昂安考讨吃啦?,8.时间\149.mp3,55
150,现在两点过十五分。,a²1nae33z33n21thp²1 tsh3²os fe33.,现在 二时十五分,，昂安日尼讨测傲分。,8.时间\150.mp3,55
151,还没到三点呢。,surssthp21 mp,三时没到还,色讨玛痴噻。,8.时间\151.mp3,55
152,我的手表快了一点。,tzp21 ts21tae331p55 haess np 快了 是 直译我手表一点,,敖手表几绕止当啦安。,8.时间\152.mp3,55
153,慢了—点。,tcrzp²1 purs5tae33 慢了 直 译 一点,,几绕笨当。,8.时间\153.mp3,56
154,你能早一点来吗？,n133 tczp21 ne33133do2121 dr31d31?,你一点早 来行行,你几绕奈哩多哩滴滴？,8.时间\154.mp3,56
155,我十二点半来。,np33 tsh33 n21 thb21phe33 kp33 do33133. 半来 直译我十二点,,敖拆尼讨派高多哩。 58·石林撒尼口语400句,8.时间\155.mp3,56
156,你今年多大了？,n13 tc1sqbo21 qhb33np33 dlae331pss?,你 今年 多少 满了,你几阔考哪张啦? （注：这里问的对象是成年人，如果对象是小孩子则用另外的口语表 述）,9.年龄\156.mp3,58
157,我二十二岁了。,n2'qho21 103310ss.,我二十二岁有了,敖尼则尼阔啰啦。,9.年龄\157.mp3,58
158,我比他小三岁。,np33z33kh33 su55 qho21nasstae33.,我 他三岁小着,敖日克色阔酿当。,9.年龄\158.mp3,58
159,他是家里最小的一个孩子。,gae33.,他 家里 小孩子 最小的 是,克日哈哥阿呢绕考酿啦安。,9.年龄\159.mp3,58
160,你看起来很年轻。,ne3105sz33 n33 1 b133m33 he21c21.,看了 你非常年轻,乃拉日你逼么嗨席。,9.年龄\160.mp3,59
161,不是那样啦。,kh33z331 mp21ze331p33,那样 不是啦,克日玛耶啦。,9.年龄\161.mp3,59
162,我在这个地方已经生活了十五年。,n03333 m133tu33 tsh33gps5qh021,我 这 地方 在了 十五年 60·石林撒尼口语400句,敖伊咪得册奥阔卓哈。,9.年龄\162.mp3,59
163,他六岁上学。,kh133 kho2lqbo21 1o21 kp33 ST 55 8033,他六岁满 知识  学,克阔阔啰高四嗦。,9.年龄\163.mp3,60
164,我父母都已经过六十了,gp33 bp21dlae331p55.,我爸我妈 六 十 多于满了,敖保敖妈日阔拆玛保张啦。,9.年龄\164.mp3,60
165,我看他大概五十岁左右。,gp33133ne331$5 kh33 z33 gostsh33 yo21tche33dlae33kw55a33,我看来 他 五十 大概 满会了 九、年龄·61,,9.年龄\165.mp3,60
166,下个月她就满十五岁了。,1021a33.,后 一月到她十五岁 满了,都漫替烧痴克册奥阔啰啊。,9.年龄\166.mp3,61
167,他毕竟还只是个孩子。,kh33α55133a2nu33zp21 gaess s121. 小孩子 是还 直 译 他 仅仅,,克啊哩阿呢绕按噻。 64·石林撒尼口语400句,9.年龄\167.mp3,61
168,你会讲汉语吗?,ce33do21 be33 kur5kurs5? h133,你 汉话 说会会,你谢朵呗个个？,10.语言\168.mp3,64
169,会说的。,be33 kus5,说会,呗个。,10.语言\169.mp3,64
170,熟练吗?,be33 Sr21 SI21?,说  熟练  熟练,呗噻噻?,10.语言\170.mp3,64
171,非常熟练。,pr33m33 be33 SI21.,非常   说 熟练 十、语言·65,逼木呗噻。,10.语言\171.mp3,64
172,你听得懂撒尼语吗？,n133 nr²1do21np33 ku5ku5?,你彝话听会会,你尼朵哪个个？,10.语言\172.mp3,65
173,完全听得懂，不仅如此我还会说。,"1?tsu2lyb33 nD3ku5, 133z33 15s mp21ga33,'ssmYee39eeeuee3q eeal",全部 听会这样仅不是 我说也说会,伊责敖哪个，伊日哩玛安，敖呗喃呗个。,10.语言\173.mp3,65
174,一句话都听不懂。,th121tch21 ne33 np33mp21ku55.,一句也听不会,替且喃哪玛个。 66·石林撒尼口语400句,10.语言\174.mp3,65
175,只会听一点。,th121tcrzp21 np33ku55.,一点儿 听会,，替借绕哪个。,10.语言\175.mp3,66
176,会说一些。,tcr55zo²1be33kw5,一点说会,替借绕呗个。,10.语言\176.mp3,66
177,你会写撒尼文吗？,n133nr²sg issmyssmyecob,你彝文写会会,，你尼四郭个个?,10.语言\177.mp3,66
178,会写的。,go33kus5.,写会 十、语言·67,郭个。,10.语言\178.mp3,66
179,不会写。,mp21kuus5 g033,写不会,郭玛个。,10.语言\179.mp3,67
180,我正在学习。,p33 33 s033ts033 gaess S121,我现在学着是还,敖啊昂缩卓按噻。,10.语言\180.mp3,67
181,你学习彝文有几年了?,nr33 n12lss so33 qhb33np3 10331p55?,你彝文学多久 有了,你尼四缩考哪啰啦？,10.语言\181.mp3,67
182,有一年多了。,th121qho21 mp21bp21 tcr5zp21 1o331p55.,一年多了 一点 有了,替阔玛拔几绕啰啦。,10.语言\182.mp3,67
183,你的撒尼语讲得非常好。,nr3 n121do21 pr3mu33 be33 tsa21.,你彝话 非常 说好,你尼朵逼木呗扎。,10.语言\183.mp3,68
184,不是那样的。,217e33 mp ze,那样 不是,柯日玛耶。 （注：按撒尼人的语言表达习惯，当被别人称赞时一般不直接说“谢 谢”，而是用“田”即“不是那样的”来回答，表示谦虚) 70·石林撒尼口语400句,10.语言\184.mp3,68
185,明天会晴吗？,a²gu33n33 m21 issmyssmy ccob,明天 天气晴会会,阿哥呢木郭个个?,11.天气\185.mp3,70
186,会晴的。,go33 kuss.,晴会,郭个。,11.天气\186.mp3,70
187,不会晴。,go33mp²'kuss.,晴不会,郭玛个。,11.天气\187.mp3,70
188,今天晴得很好。,121n33 go33tsa²1 $o211021,今天天 非常 晴好 十一、天气·71,伊尼亩硕啰郭扎。,11.天气\188.mp3,70
189,天空没有云彩。,m21tche33 te33mp2tso33.,天上 云没有,亩羌挡玛卓。,11.天气\189.mp3,71
190,要下雨了!,m21hp33 1133a33!,下雨 快要··……··了,亩蒿哩啊!,11.天气\190.mp3,71
191,雨下得太大了！,ieeDeaeeq,雨非常下大啊,亩逼木蒿呀啊!,11.天气\191.mp3,71
192,看样子这雨一会儿停不了。,m21hp33 1p33 thae2133 YD2lnpss ne331p5533 一会儿 直译看了 这下雨 停止mp21d31. 不行,,乃腊伊亩蒿塔哩凹闹玛滴。,11.天气\192.mp3,71
193,要打雷了。,m²1du21 1133a33.,打雷 快要···…··了。,亩睹哩啊。,11.天气\193.mp3,72
194,这几天都没出太阳。,133np33n33 1021ts33 33 mp21 do33tso33. 没出 直译这些天太阳,,伊哪尼啰知玛朵卓。,11.天气\194.mp3,72
195,天晴起来了。,21 9033 tp33133a33 m 直這译天晴起来了 十一、天气·73,,亩郭刀哩啊。,11.天气\195.mp3,72
196,太阳出来了。,1o21ts33do33thu21 133c 出 来了 直译太阳,,啰知多突哩啦。,11.天气\196.mp3,73
197,今天太热了。,121n33 so211021 tshp33 热 直译 今天 非常,,伊呢说啰糙。,11.天气\197.mp3,73
198,雾太大了，什么也看不见。,"nyu 33 $021021 ze21, a3m3 ne 看见 直译雾 非常大 什么 也mp21dr21. 不行 74·石林撒尼口语400句",,,11.天气\198.mp3,73
199,昨夜下霜了。,15mr33 nr33 dlp33 1p$5a33.,昨夜霜下,易咪尼召啦啊。,11.天气\199.mp3,74
200,天冷了。,m²1tce33a33.,天冷了,亩接啊。,11.天气\200.mp3,74
201,白天渐渐短了。,"1y33133133 33n33 nssxD33. ne""""n",渐渐的 白天 短了,勒勒哩喃呢腻蒿。,11.天气\201.mp3,74
202,刮北风了。,dze33433 py33a33,冷风翻了 十一、天气·75,接师啵啊。,11.天气\202.mp3,74
203,要下雪了。,vp21dlp33 1r?3a33.,雪下 快要······了,佤召哩啊。 78·石林撒尼口语400句,11.天气\203.mp3,75
204,要买什么？,a33mr33ve33?,什么买,阿咪弯？,12.购物\204.mp3,78
205,我看看这件衣服。,np33 33 4033pae33 th21 433 tsha33 ne33.,我这衣服 件一下看,敖一说帮替赊叉乃。,12.购物\205.mp3,78
206,还有什么颜色?,a33mr33 ze21se21 tso33s121?,什么 時颜色決有还,啊咪颜色卓噻?,12.购物\206.mp3,78
207,有红色、黑色、蓝色和黄色五个颜色。,phe331ae21mp33 na33 s331ae33mp33,白色 红色 黑色 蓝色 和 黄色 五种有,舒些玛、尼补玛、乃斑玛、潘喇玛喃诗朗玛奥哦卓。,12.购物\207.mp3,78
208,我喜欢白色。,gb334u33cr3mp33 ne33tae33,我 白色． 看上,，敖舒些玛乃当。,12.购物\208.mp3,79
209,这件有点小了。,133th121433tcr5zp21 na55xp33,这一件 一点 小了,一替赊记绕念哈。,12.购物\209.mp3,79
210,这个非常适合你。,1331p33 pr3m33 n133 x033a33.,这个非 非常你合了 80·石林撒尼口语400句,一啦逼木尼活啊。,12.购物\210.mp3,79
211,这件衣服要多少钱？,"示133 1033pa33th21433 ""np' noss nae3了?",这 衣服 一件多少 要是,一说班替赊考哪哦安?,12.购物\211.mp3,80
212,五十五元。,go55tsh33gp55ttp55.,五十五元,奥侧奥招。,12.购物\212.mp3,80
213,太贵了，能少一点吗?,phu2²zae21a33， tcI5 so21 dr33dr33s121?,贵了 一点少行行还,普呀啊，记说滴滴噻?,12.购物\213.mp3,80
214,不能少了。,mp21d133 a33. So33 不能了 直译少,,说玛滴啊。,12.购物\214.mp3,80
215,好的，那我就选这件了。,zD²1a33，kh33z33qhD3na33nD3333 th2433 直這译好的 那样 若是 我这一件nossa33. 要了,,呀啊，克日考安敖伊替赊哦啊。 84·石林撒尼口语400句,12.购物\215.mp3,81
216,这包东西有多少斤?,r33 no5nr21 th21e33 qb3np33 ts3tso33?,这东西 一包　多少 斤有,‧伊糯嗯替唧考孬知卓?,13.比较\216.mp3,84
217,有三斤。,su33tsn3 tso33.,三斤有,色知卓。,13.比较\217.mp3,84
218,这是什么颜色?,1331D33 a33m33 sr21 nae33?,这个什么色是,伊啦阿咪色安?,13.比较\218.mp3,84
219,你穿多大尺码的鞋子?,nr33tsh3n55 eeostmpezeeab nae33?,你 鞋子 多大穿着是 十三、比较·85,你吃呐考呀得卓安?,13.比较\219.mp3,84
220,我比你矮一点。,nr 33,我你 多于 一点 矮,，敖你哪玛把记绕咪喃。,13.比较\220.mp3,85
221,她比妹妹大三岁。,kh33z33kh33 aw.mu 55 33 su$$qho21 zae2110ss.,他 他妹妹 三年 大,克日克讷玛色括样啦。,13.比较\221.mp3,85
222,我的父亲看上去比母亲老一点。,bp21 ne331pss z33 n033 np33 mp 33np3mp21bp21 tc55 mo21.,我  父亲  看着 我 母亲 多于 一点老,敖保乃啦日敖妈哪玛把记莫。 86·石林撒尼口语400句,13.比较\222.mp3,85
223,这条河只有那条河的三分之一长。,133z334D211p33z33kh331p33kp33 那个su33bu33th121bu33 155 ts033.,这  河水 仅仅有 三分之一,伊日少啦日克啦高色波替波里卓。,13.比较\223.mp3,86
224,这条路有多宽?,,这路 各，多宽有,伊高玛考宽卓?,13.比较\224.mp3,86
225,他跑得比你快。,,他你 多于跑快,克你哪玛把江止。,13.比较\225.mp3,86
226,我的肤色比他黑。,D33 sxn21 kh33yD33 1 mp2lbp21 ne33ba33.,我 血肉 他的 多于 黑,敖寺好克敖玛把乃斑。,13.比较\226.mp3,86
227,这棵树有多高?,33 s3ts33 1033 qD33m33 tso33?,这树 多高有,伊斯资啦考木卓?,13.比较\227.mp3,87
228,大人比小孩多。,tsho33ze21 a²lnu33 np3mp2lbp21 npss.,人大小孩 多于 多,搓样阿呢哪玛保闹。 90·石林撒尼口语400句,13.比较\228.mp3,87
229,火把节到了，你准备穿汉装还是彝族服装?,"Z0334033n21tsr33 tsh33 1055a33, nr33 n1214033 到了 你彝服 直．译六月二十四v121 sn33 Ge554033 vI21 13'gae33? 穿还是汉服 穿",,若烧尼则希吃啦啊，你尼说围失歇说围哩安？,14.衣着\229.mp3,90
230,我想穿彝族服装、戴包头、背民族包包。,"p33 du211ps5z33 n1214033 ku33v121 kp33 05sde21 彝服 穿然后 包头 直译我打算ku33dx21, ce55bu33 ku33bu21 戴 挎包 背",,敖赌啦日尼说姑围高哦结姑德，谢波姑补。,14.衣着\230.mp3,90
231,你穿彝族服装更漂亮。,"n,r214033 ku33v121 133 t033sn5s tshuss. nr33",你 彝服 穿 更加 美,，尼你说姑围哩多志澈。 十四、衣着·91,14.衣着\231.mp3,90
232,彝族男子穿麻布褂子好看。,n11v33 zD21z033 z33 ts554u33 khuas5ts21 ku33v121 1133 ne33sp33,彝家 男子 麻白褂子 穿 看好,尼微绕偌日自舒挎子姑围哩奈搔。,14.衣着\232.mp3,91
233,这条裤子太长了。,"133 4D$pe33 1p33 CE""'xD 33vn33",这 裤子 长了,伊稍班啦夏哈。,14.衣着\233.mp3,91
234,鞋带松了。,tsh33ns33 tce33 du21xp33.,鞋 带子 松了,痴呢接者哈。 94·石林撒尼口语400句,14.衣着\234.mp3,91
235,喂！是老李吗?,vae! lp11?5 nae3nae33?,喂！老李是是,喂！老李安安？,15.打电话\235.mp3,94
236,不是！他不在，你哪位？,"mp2'nae33! kh133 mp21tso331p55, n133 α²1sp33nae33?",不是! 他不在 你 哪位 是,玛安！克玛卓啦，你啊搔安？,15.打电话\236.mp3,94
237,我是小杨。,np33cip3ze21 naess,我小杨是,敖小杨按。,15.打电话\237.mp3,94
238,老师在家吗?,c133ts33hae33g m6 --33 tso33ts0331p55?,老师 房里在在啦,细知酣哥卓卓啦?,15.打电话\238.mp3,94
239,请稍等一会儿，我去叫他。,,一会儿 等着我他 喊去,替把绕说啦，敖哩克案日。,15.打电话\239.mp3,95
240,你有什么事？,n133α33mr33g21 tso33ge33?,你什么事有是,你阿咪始卓?,15.打电话\240.mp3,95
241,昨天的事办得怎么样？,rn33s1²1p33 ku33 qhb33 issalssa elz,昨天事 做 怎样 成了,易尼史拉箍考日道啦? 96·石林撒尼口语400句,15.打电话\241.mp3,95
242,非常顺利。,ku33 tsa21,非常做好,逼木箍扎。,15.打电话\242.mp3,96
243,好的，再见！,"ZD33α33, 33.33 直這译好的 那就这样了",,呀啊，一日按啊。 （注：撒尼语习惯一般不说“再见”，而是说成“那就这样了”）,15.打电话\243.mp3,96
244,他家的电话号码是多少？,kh133v133tie21xua21 xp21ma3 q²b33n3ga3,他家电话号码多少是,克微电话号码考哪安？,15.打电话\244.mp3,96
245,他不在家、有事出去了,kh33hae33gu33 mp21tso331ps5sm21tso33 kp33 1y21thu21dz21 a33.,他家里 没在 事有 出去了,克酣哥玛卓啦，始卓高勒突纸啊。,15.打电话\245.mp3,96
246,那我过一会儿再打过来,kh33z33 q²b3²na33， np33 thr21pa3tos kD33dae21 do331133.,那样. 要是 我 一会儿 打来,克日考安，敖替吧道高打多哩。,15.打电话\246.mp3,97
247,我会转告他的。,lssmy ceme eeyYeea cea 县国 55.33,我说他给会,敖罢克舍个已。 100·石林撒尼口语400句,15.打电话\247.mp3,97
248,你的脸色不好。,示nr3 s5x21 n mp21tsa21,你脸色】 不好,你似好玛扎。,16.看病\248.mp3,100
249,你哪里不舒服?,n13²qhb33ta33 tso3spss?,你哪里 难受,你考搭卓绍?,16.看病\249.mp3,100
250,全身没有劲。,th21 ku33bu33 YD21 mp21tso33.,一 身体 力气没有,替哥波敖玛卓。,16.看病\250.mp3,100
251,你是不是感冒了？,nr3² np33za33 te331n55 na3nae33?,你 感冒 着了 是是 十六、看病·101,哪央当啦昂昂?,16.看病\251.mp3,100
252,发烧了吗?,ku33xp21 thas5tha55?,身肉烫烫,格好烫烫?,16.看病\252.mp3,101
253,头疼不疼?,o55qo21 nb33np33?,头痛痛,哦果哪哪?,16.看病\253.mp3,101
254,头疼得厉害。,120bss0 $o211021np33.,头 非常 痛,哦果说啰哪。,16.看病\254.mp3,101
255,吃点药，好好休息一下。,np33tsh21 tcr55 ts55，tsa²ltsa²1133 th121pa33,药 —点儿喝好好 一会儿 yD2'npss. 休息,哪此借志，扎扎哩替把翱闹。,16.看病\255.mp3,101
256,吃得下饭吗？,tsp33 dzp21do33dr21dr21?,饭吃能行行,遭早多滴滴？,16.看病\256.mp3,102
257,一顿只能吃一小点。,th21tu33 tcr5z²11r55dzp²1tsh21.,一顿 一小点 吃能,替遮借扰哩早此。,16.看病\257.mp3,102
258,现在感觉好点了吗？,a²lne33 tcr5 tso33tsa21tsa21tso33?,现在 王一点在好好在 十六、看病·103,俺安借卓扎扎卓?,16.看病\258.mp3,102
259,好多了。,qhp33np33tsa²1 xp331p55a33,很多 好了,考哪扎哈啦啊。,16.看病\259.mp3,103
260,请开点中药给我。,spa33 np33tsh21 tcrs khae²p33br2133,草根 药 一点开我给,释班哪此借开敖比哩。,16.看病\260.mp3,103
261,你肚子痛有多长时间了?,"nr33 21pr33np33 q""p33no33 1o21a33?",你肚子痛多久有了,，你伊逼哪考哪啰阿？,16.看病\261.mp3,103
262,一个多星期了。,thr21c133tch33mp21bp21 1o211p55.,一星期多于 電有了,替星期玛把啰啦。,16.看病\262.mp3,103
263,要打针。,y33de21zo55.,针打需要,额打若。,16.看病\263.mp3,104
264,需要住院吗?,ssalecost Ienpeenyeeau Z033 zo33?,医院 在着需要需要,哪姑堵卓啦若若？,16.看病\264.mp3,104
265,不需要住院，打打针，再吃点药就好了。,"mo²1z033, yu21tsha33de21, np3tsh21 tso331p55tsn$s tsa2idr21a33. GrSs",在着 不必 针 打药 一点喝好能行 十六、看病·105,卓啦玛若，额差当，哪此借志扎滴啊。,16.看病\265.mp3,104
266,出血了。,'eeDeeosteenpsss,血出 了,似朵卓阿。,16.看病\266.mp3,105
267,让医生包扎一下。,np33ku33tsho33g qes5 th33pe33,医生 让包扎,哪姑搓个特呗。,16.看病\267.mp3,105
268,我感觉非常痛。,gp33 g021o21 np33 gess.,我非常痛是,敖说啰哪按。 108·石林撒尼口语400句,16.看病\268.mp3,105
269,我要照一张相。,np33 ca55 thr21 tp33,我相 一张照,敖相替招照。,17.照相\269.mp3,108
270,你要照多大的？,n133qhD3zae33t iznPeeIP ssas,你多大 照打想,你考呀照氏堵？,17.照相\270.mp3,108
271,五寸就行。,示np$5tsh55 tciu55 dr²1a33.,五寸就 行了,奥疵就滴啊。,17.照相\271.mp3,108
272,请坐好，要照了。,"ku33n33tsa21, tsps5133@33",坐好 照了 十七、照相·109,箍尼扎，照哩啊。,17.照相\272.mp3,108
273,冲洗几张?,qhp33np33t ttp33 tsh21?,多少 张洗,考哪招此?,17.照相\273.mp3,109
274,两张。,n²1tD33,两张,尼招。,17.照相\274.mp3,109
275,什么时候取?,qhp33th121kus5 kp33 v133tae33 dr21?,什么时候 拿到  能,考替个高微当滴?,17.照相\275.mp3,109
276,一个星期后来拿。,th121c13tch33 du33ma55kp33v13133.,一星期 以后 拿来,替星期都漫高微哩。,17.照相\276.mp3,109
277,请把你的名字写下来。,nr33yp33me33 go33to55.,你的名 写下,你敖漫郭到。 112·石林撒尼口语400句,17.照相\277.mp3,110
278,师傅！我想理发。,le21kur55！gp33o55tshu33 he33 n33du21 gaess.,师傅 我头发 剪 打想 是,，来格！敖哦策捏尼堵按。,18.理发\278.mp3,112
279,你要剪什么样的？,"n,133 q²D3333 iznpeeueeot",你、怎样剪打想,你考日捏尼堵?,18.理发\279.mp3,112
280,好看就行。,ne33sp33 t tso55 dr21a33.,看好就 行了,奈扫卓滴啊。,18.理发\280.mp3,112
281,剪一次发要多少钱？。,eeaueeayb ge33? noss,一次剪多少 要是 十八、理发·113,替几捏考哪哦安？,18.理发\281.mp3,112
282,5元。,np5dl55.,五元,奥照。,18.理发\282.mp3,113
283,这个地方剪的不太好，重新修剪一下。,"mp21tsa211p5, th21pa33 剪没好 下 直 译 这里ne33bu33goss. 剪返要",,"伊哒捏玛扎啦,替把捏拔哦。",18.理发\283.mp3,113
284,我要染头发。,55 np33o55tshu33x033 133 nae,我头发染 要,敖哦策豁哩按。 114·石林撒尼口语400句,18.理发\284.mp3,113
285,我想洗头发,np33o55tshu33tsh21n33du21.,我头发洗心想,敖哦策此尼堵。 116·石林撒尼口语400句,18.理发\285.mp3,114
286,欢迎光临！,,,乐木乐资哩！,19.餐馆\286.mp3,116
287,请坐！,ku33n33 tGe33!,坐赶快,姑尼江！,19.餐馆\287.mp3,116
288,打扰你了。,nor33the33dlur33tae33a33,你打扰了,你苔者当啊。,19.餐馆\288.mp3,116
289,想吃点什么？,a33m33 tcrdzp21 n33du21? 打算 直译什么一点吃 十九、餐馆·117,,啊咪几早尼堵？,19.餐馆\289.mp3,116
290,这儿有什么特色菜?,133ta33a33mr3， yo21tce55 mp21t155133ze33?,这儿什么菜 不寻常,伊搭阿咪哦借冒地里耶？,19.餐馆\290.mp3,117
291,"我们这里主要有牛肉、羊肉、乳饼、荞粑粑蜂蜜,","na²133ta33z33n21x²1、tch21x²1、tch²gu²1ed,_ab 21n.33 dlp21z33tsa55, yu2'pu33e133 ne3tso33",我们这里 牛肉羊肉 乳饼 荞粑蜂蜜蘸 骨头参 也有,敖伊搭日尼好、七好、七革、搞八枣日砸，额卜 几喃卓。,19.餐馆\291.mp3,117
292,喝什么酒呢?,α3mr33 ts33 tsns5?,什么 酒喝,阿咪知志？,19.餐馆\292.mp3,117
293,彝家包谷酒好喝。,n121v33 essss eel eelseendeas 33..,彝家包谷酒 喝好,尼微烧布知哩志扎。,19.餐馆\293.mp3,118
294,那我要多喝一点。,kh33z33qhD3²na33np33to33ts5s tc155 直·译那样 若是 我多的一点ts$$1133gaess. 喝要,,，克日考安敖多志借志哩按。,19.餐馆\294.mp3,118
295,主食有些什么？,dzp²1tu33a33mr33,吃的 什么一些有 十九、餐馆·119,早都阿咪借卓?,19.餐馆\295.mp3,118
296,白米饭、玉米饭，还有荞疙瘩饭。,"th33mp33、sD3pu33s33m033, qp21s3m33 ne33tso33",米饭 玉米饭 荞麦饭 也有,切玛、烧布斯玛，搞丝玛喃卓。,19.餐馆\296.mp3,119
297,慢慢吃，慢慢喝。,3333d2333,慢慢地 吃慢慢地 喝,样样哩早，样样哩志。,19.餐馆\297.mp3,119
298,这里的饭菜做得非常可口！,"133ta33 tsp3nae33 yo21nae33, so21021ku33tsa21 a33!",这里饭香 菜香非常 做好 120·石林撒尼口语400句,伊搭糟喃哦喃，说啰古扎啊！,19.餐馆\298.mp3,119
299,没有什么菜。,a3mr33yo21 nae 33 mp21tso33,什么菜也没有,，啊咪哦喃玛卓。,19.餐馆\299.mp3,120
300,吃饱喝足了。,dzp²1bu33 ts$bu3a33.,吃饱喝饱了,早波志波啊。,19.餐馆\300.mp3,120
301,算一下，该收多少?,"thr2'pa33so55, qp33nr tae33 1p55?",一下算多少 着了,提八索，考哪当啦？,19.餐馆\301.mp3,120
302,慢走！,lu31u33133y~33！,慢慢走,勒勒哩遏！ （注：在撒尼语中没有说“再见”的习惯，告别时一般说“慢走！”）,19.餐馆\302.mp3,120
303,欢迎下次再来！,du3maes5 nae33 do331r33!,以后 来,都漫喃朵哩!,19.餐馆\303.mp3,121
304,好的，一定会来的！,"za21a33,， tr5so55 do331r33ku55155! 一定来的会 直译好的",,呀啊，第素朵哩个咦！ 124·石林撒尼口语400句,19.餐馆\304.mp3,121
305,到石林可以坐什么车?,ilzlPeaxeau 1o334e33mp33 33 tshp21,石林 去什么 车坐能,罗撒玛日阿咪吵尼敖底？,20.乘车\305.mp3,124
306,可以坐班车，也可以坐火车。,paetgh33 33 emxe nna33dr21.,班车 坐也行 火车 坐 也行,班车尼喃滴，核炒尼喃滴。,20.乘车\306.mp3,124
307,是到石林的车吗?,z3yD33tshp21 1o334ae33mp33 nae3'nae33?,石林 去的车是是,罗撒玛日敖炒安安？,20.乘车\307.mp3,124
308,是的，你买票了吗?,ge3355，n133 phip55 ve33ve33 a33? 直這译是的你票买买,,安咿，你票弯弯啊？,20.乘车\308.mp3,124
309,还没有，在哪里能买得到?,"mp21ve33 1pss21, qp33ta33 ko33 ve33a3d21?",没买 还哪里 买到能,玛弯啦噻，考搭高弯当滴？,20.乘车\309.mp3,125
310,就在前面的售票大厅里，在车上买也行。,"yu²1ts5hae33ze²mp331 phin55vu²1 du21 ve33, 票卖处买 直 译 前面 房大tshp21tche33 nae 33 ve33tae33dr21. 车上也买到能",,额志酣样玛票舞堵弯，炒羌喃弯当滴。,20.乘车\310.mp3,125
311,我到车站时车已经开了。,tshb²1n33du21 tsh33z33tsho1 np33 车 直译我车坐处到 126·石林撒尼口语400句yu33xp33 1p55a33 走了,,敖炒尼堵吃日炒额哈啦啊。,20.乘车\311.mp3,125
312,我原来打算跟他一块去的。,np33 yu33tsn th121kx5s z33 kh33kp33tu21thu21 z33 dr21 du21pss,我前面 那时 他跟 一起 去 这样想,敖额志体个日克高特特日抵堵啦。 128·石林撒尼口语400句,20.乘车\312.mp3,126
313,今年烤烟种植了多少棵？好吗?,tce5qho21z133kha33np33ts33tae331p55?tsa21? tsa21,今年 烟多少棵种 好好,借括烟考哪资搭啦？扎扎？,21.农业\313.mp3,128
314,玉米长势怎么样?,sD33pu33 tcrss tsa21 tsa21?,玉米 好好？,稍卜借扎扎?,21.农业\314.mp3,128
315,玉米收成怎么样？,eaueeby endeas sy33yo33d121?,玉米 多少 收得能,稍卜考哪收凹滴？,21.农业\315.mp3,128
316,你家有几口人?,ha33gu33 tsho33 khb33np33直译你家 家里‘人多少 2033 tso33?,,你微哈格搓考哪若卓？ 口 有,21.农业\316.mp3,128
317,有多少劳动力?,no²mu33tsho33khb33np33,劳动 人多少 有 口,诺姆搓考哪若卓?,21.农业\317.mp3,129
318,有人外出打工吗?,tshq33n55 n mu33tsho33t tso33 tso33?,外面劳力做人有有,差呢姆搓卓卓?,21.农业\318.mp3,129
319,养了几头猪?,vae21 khp33np33 1u21 ho331ps5?,猪多少 头养了,唯考哪了霍啦? 130·石林撒尼口语400句,21.农业\319.mp3,129
320,一年收人多少？,th121kho33khp33np33 sx3y033d121?,一年多少 收得能,提括考哪收凹滴？,21.农业\320.mp3,130
321,养斗牛没有?,bae21n21 x033xo331ps5?,斗牛养养,斑额霍啦？,21.农业\321.mp3,130
322,你今天还去放羊吗？,n131²1n33tch²110551o55z33s121？,你今天羊放放去还,你伊呢其啰啰日噻？ 132·石林撒尼口语400句,21.农业\322.mp3,130
323,你的父亲是做什么的？,bo²1 z33 hr33 α33m133 no55 m33ts033gae33,你 父亲 什么工作做着是,你把日阿咪诺姆卓安？,22.工作\323.mp3,132
324,他是农民。,kh133z33nosmu33tsho33 nae33.,他 农活做人是,克日诺姆搓安。,22.工作\324.mp3,132
325,大学毕业后你有什么打算？,"ta²1ciu²1so33thu21133 h133 q""m1 33 33 m33 dr21du21 1ps5?",大学 学出来 你什么 做 打算,大学缩图哩你阿咪姆底堵啦？,22.工作\325.mp3,132
326,我想回家乡工作。,gp33α²1me55 mr3tu33no55 直译我自己 地方 dr22 工作找做去du21. 想,,敖阿漫咪得诺稍姆日底堵。,22.工作\326.mp3,132
327,我喜欢自己的工作。,los ssou caxseD al 33~n55 au,我自己的工作非常做喜欢,敖阿漫敖诺说啰姆号。,22.工作\327.mp3,133
328,你早上几点起床?,nes5xu33( eael sseyeea n133 起来 直译你早上 何时,,你奈喝考替个知叨？,22.工作\328.mp3,133
329,我六点半起床。,kho21tp21pe33 ts33t33 np33,我六时半起来 134·石林撒尼口语400句,敖括讨派知叨。,22.工作\329.mp3,133
330,你什么时候上班?,n133 qhp33thp21 pae33sass?,你何时 班上,你考讨班上?,22.工作\330.mp3,134
331,什么时候下班?,issaueaIaea,何时 结束,考讨袄闹?,22.工作\331.mp3,134
332,"早上八点上班,十二点下班。","ne55xu33 he21thp21 pa33gass, tsh33n21tb21",早上 八时班上 十二时 yD?lnpss. 结束,"奈喝嗨讨班上,册尼讨袄闹。 二十二、工作·135",22.工作\332.mp3,134
333,下午两点上班，六点下班。,"n551033 n21thp21 1 pa33sass, kho31thp21 yo²1npss. 直·译下午 两时班上 六时",,"腻啰尼讨班上,阔讨袄闹。",22.工作\333.mp3,135
334,他是位领导。,kh33z33 bu33dz33 nae33.,他 领导 是,克日布资安。,22.工作\334.mp3,135
335,他很有能力。,khr33 bu33s33 pr'm 33m33 tso33.,他 本事 非常 有,克薄思逼姆卓。,22.工作\335.mp3,135
336,他的工作很忙。,"kh,33 noss so21o21 ty21.",他 工作 非常 136·石林撒尼口语400句,克诺说啰止。,22.工作\336.mp3,135
337,他为人很友善，容易相处。,"so211021 m33kuss, pr33r khr33tsho33 m 非常相处 直译他人 非常做会lae33 容易",,，克搓说啰姆个，逼姆资啦。,22.工作\337.mp3,136
338,他已经退休了。,khr33no55m33yo²1np55xp 33,他工做 结束了,克诺姆熬闹哈。 138·石林撒尼口语400句,22.工作\338.mp3,136
339,开学了。,$n$s s033tho21 tsh331D55a3.,知识 学  时 到了,寺缩讨吃啦啊。,23.教育\339.mp3,138
340,孩子们七岁上学。,a21nu33zD21dzr21 sn21qho21o21 kD33 s'so33. 们七岁满 学习 直译孩子,,，啊呢绕则始阔啰高寺缩。,23.教育\340.mp3,138
341,孩子们买了一些学习用品,α²1nur33zo21dz31 sso33 z Ilssou cnpz 東东西 直译 小孩子 们 学习 用的th21te1ss ve331nss. 一些买了,,，阿呢绕则寺缩日都糯嗯体借哇啦。,23.教育\341.mp3,138
342,海诗微已经上中学了。,he334h55v33 tso33ciu21 So$5 tso33a33.,海诗微 中学学习着了,海诗微中学缩卓啊。,23.教育\342.mp3,138
343,她的弟弟上三年级了。,kh133 ZT 33 sa33ne21tc21 s033 1pssa33.,她 兄弟 三年级学习了,克帕姆日三年级缩啦啊。,23.教育\343.mp3,139
344,这个学生成绩非常好。,tsa21. 好,,伊寺缩啊呢啦成绩逼姆扎。,23.教育\344.mp3,139
345,他很刻苦。,kh33 so2l10o21 khu21 dr21.,他 非常 東苦能 140·石林撒尼口语400句,，克说啰苦滴。,23.教育\345.mp3,139
346,要考试了。,s5khp211r33a33,知识考 了,，寺考哩啊。,23.教育\346.mp3,140
347,他考上了大学。,kh33ta²1ciu21khp21tae331p5a33,他大学考上了,克大学考当啦啊。,23.教育\347.mp3,140
348,他毕业了。,pr2lze21 xa331p55a33. khr33,他毕业了,克毕业哈啦啊。,23.教育\348.mp3,140
349,要听老师的话。,cr33ts33 do21np33 ZO33,老师 话听 要,兴知朵那若。,23.教育\349.mp3,140
350,好好学习。,$033,好好 点,扎扎哩缩。,23.教育\350.mp3,141
351,他是老师。,kh33cr3ts3² 1nae33.,他 老师 是,克兴知安。,23.教育\351.mp3,141
352,这位老师教得非常好。,,这  老师 非常教好,伊兴知啦说啰莫扎。 144·石林撒尼口语400句,23.教育\352.mp3,141
353,他家女儿出嫁了没有?,kh33v33a²mae21 iesbe.axeeax.mb vn33xn33。33 33,他家女儿 嫁了了啊,克微阿满格哈哈啊?,24.婚姻\353.mp3,144
354,还没出嫁。,mp?1gu331ps121.,没嫁 还,玛格啦噻。,24.婚姻\354.mp3,144
355,已经喝了订婚酒了。,t33zD²1z33tsnxD33a33,酒小 喝了啊,知绕日志哈啊。 （注：在撒尼人的语言中“喝小酒”就是“订婚”之意),24.婚姻\355.mp3,144
356,下个月举行婚礼。,du3mae55th214n33ko33ts3ts1 直．译下面 一月 酒喝,,都漫替烧高知志。 [注：“结婚”撒尼语说“喝酒”（习lllts'tsn知志），女儿 ）《，“em），《守” 满吃）］,24.婚姻\356.mp3,144
357,邀请你了吗？,"n,133 issaeeeecem m",你请到到,，你鄂当当啦？,24.婚姻\357.mp3,145
358,收到请柬了。,s'ttp55 'eeDeeleems,请柬收到,四照收当啊。,24.婚姻\358.mp3,145
359,没请到。,sleeaem,请没到,鄂玛吃啦。,24.婚姻\359.mp3,145
360,他们结婚多久了？,kh33s21 Yx'm 33 33 1o211p55?,他们 一家做多久 有了,克是额姆考哪啰啦？,24.婚姻\360.mp3,146
361,两年多了。,n²1qho21 mp21bp21 10211p55 有了 直译两年多余,,尼阔玛保啰啦。,24.婚姻\361.mp3,146
362,她上个月生了一个孩子。,kh33 yu21ts155 th214o33 kp33 a21nu33zD21 小孩子 直译她前 一月th121mp33 Z0331D55. 个 生了 二十四、婚姻·147,,,24.婚姻\362.mp3,146
363,这个月办满月酒。,133th1214p33α²1nu33zp21 me33 dzp21.,这一月小孩子 名吃,伊替烧阿呢绕满早。 （注：撒尼人的孩子满月时要请家里的长辈取名字，因此吃满月酒也 叫吃取名饭),24.婚姻\363.mp3,147
364,你们和父母住在一起吗？,na²1z3²tsho33zae21 ko33 pe31p55 gega33? 33..,你们人大 合着是是,纳日搓呀高呗啦安安?,24.婚姻\364.mp3,147
365,没有，父母住在村里。,"mp²ga33, tsho3ze²dzy2 the33q033 n331rss.",不是人大些村里住着,玛安，搓呀则切割尼哩。 148·石林撒尼口语400句,24.婚姻\365.mp3,147
366,他单身。,kh33 tsho3tsmp33 gaess.,他人独个是,克搓自玛安。 150·石林撒尼口语400句,24.婚姻\366.mp3,148
367,你每年都去旅游吗？,n33th21qho²1mp²1d121 tshb33n55 yu33 dz21tso33nae33 nae33?,你一年不行外面 走 是是,你替阔玛滴差尼额志卓安安?,25.旅游\367.mp3,150
368,是的，这几年每年都出去走走。,"na""'zr 331$5, 13np33qho21 th21qho21 mp21d21d33tsha33nss yu33 dz21tso33.",是的， 这几年一年不行行 外面走 有,安咿，一那阔日替阔玛滴滴查尼额纸卓。,25.旅游\368.mp3,150
369,这次去哪里?,13thr²xu²1qhp33ta33z 233？,这一次 哪里 去,伊替呵考搭日？ 二十五、旅游·151,25.旅游\369.mp3,150
370,北京。,pe33tcr33.,北京,北京。,25.旅游\370.mp3,151
371,坐飞机吗？,n33n3 xur33tle55,飞机 坐坐,核寨尼尼?,25.旅游\371.mp3,151
372,我打算去的时候坐火车，回来坐飞机。,np33 du2los z3 z33 mx n qo21133xw33ttess n33.,我打算 去 火车坐 回来 飞机 坐,敖堵啦日日核吵尼，郭哩核寨尼。,25.旅游\372.mp3,151
373,是全家去吗？,th121yx21yp33 Z1 33 1r33 nae33nae33?,一家 去 是是,替额敖日哩安安?,25.旅游\373.mp3,151
374,领着老人和孩子，全家都去。,tsho33mo21 nae33 a21nu33zb21 ku33cae21 kp33th121yx21 33 Z1,人老和 小孩子 领着 一家去,搓抹喃阿呢绕孤想高替额日。,25.旅游\374.mp3,152
375,打算去几天?,"q""p""np h.33nn33 n33 kp33 ienpeet n",多少 天经过打算,考哪尼高尼堵?,25.旅游\375.mp3,152
376,十来天。,ce21tsh33n33.,十多天 二十五、旅游·153,斜册尼。,25.旅游\376.mp3,152
377,我们去了很多地方，还拍了很多照片。,"na331 m133tu33 qhp33np33 tsh33te33, ca$phie55na33 ssalssast eaueeab",我 地方 多少到过像片 也多少 照了,敖咪的考哪痴当，相片喃考哪照啦。,25.旅游\377.mp3,153
378,玩得高兴吗?,eclecb tso33 tso33?,好玩 有有,高哦卓卓?,25.旅游\378.mp3,153
379,非常开心。,pr3m33 tso33.,非常 好玩 有,逼姆高哦卓。 156·石林撒尼口语400句,25.旅游\379.mp3,153
380,你从哪里来?,nr33 qhp33ta33 kp33 do331133?,你 哪里 从来,你蒿嗒高朵哩?,26.介绍石林\380.mp3,156
381,从昆明来的。,qoz21 kp33 do331133,昆明 从来,果绕高朵哩。,26.介绍石林\381.mp3,156
382,你到过石林景区吗?,示n133 10334a33mp33 tsh33 noss noss?,你 石林 到 曾经,你罗撒玛痴诺诺喏？,26.介绍石林\382.mp3,156
383,到过了，是个好地方。,"tsh33nos5a33, so21021 tsa21yo 21vn33 mr33tu33 Jae33.",到过了， 非常 是 好的 地方 二十六、介绍石林·157,痴诺啊，说啰扎凹迷的安。,26.介绍石林\383.mp3,156
384,石林县总人口有多少?,10334e33 mr3tu33 tsho33 qhb33np33 ts033?,石林 地方 多少 有,罗撒迷的搓考哪卓?,26.介绍石林\384.mp3,157
385,有二十四万人。,33433va55 tso33,二十四万有,尼资诗洼卓。,26.介绍石林\385.mp3,157
386,石林非常有名!,33,石林 非常 名出,罗撒玛说啰漫舵！,26.介绍石林\386.mp3,157
387,石林历史非常悠久!,1o334ae33mp33 b133mu33 ma33ca33!,石林 历史 非常 长,罗撒玛尼核逼姆漫香!,26.介绍石林\387.mp3,157
388,这里是阿诗玛的故乡—石林！,133ta33z3a33s33mp33 m133tu3310334a33ma33!,这里 阿诗玛 地方 石林,伊搭日阿诗玛迷的—罗撒玛！,26.介绍石林\388.mp3,158
389,石林县有二十四万人口，彝族占全县人口的三分之一。,"10334ae33mp3 33 m133tu33 tsho33 n21tsh133433va55 直·译石林 地方 人二十四万tso33, n,r33 semdzuremdeems tso33 有彝族 三份一份有",,罗撒迷的搓尼资诗洼卓，尼日色波替波卓。,26.介绍石林\389.mp3,158
390,石林县有彝、汉、苗、壮等民族。,tso33,,罗撒迷的尼、谢、苗、谢乃卓。,26.介绍石林\390.mp3,158
391,彝族有自己的语言和文字。,"n,r21 33 a21massyo33 do21 tso33 s$'ne33 tso33.",彝族 自己的语言 有 文字   有,尼日啊浸敖朵卓四乃卓。,26.介绍石林\391.mp3,159
392,毕摩是彝族民间传统知识分子，他们懂古老的彝文，,"pr33mo21z33 n1²1m33 33 naenr21yD33 sy,ss mo'mD 21 33 55So33kus5, n121yo33 m121s33 tse55 tsho33 na 33",毕摩 彝乡　老师 是 彝族的 文字古老 知道 写能 读 会 彝族的传统 传承人　是 160·石林撒尼口语400句 尼敖迷诗再搓安。,,26.介绍石林\392.mp3,159
393,大三弦舞是石林彝族人民喜爱的舞蹈。,sa33ce21zae21ma33 p133m121 z33 10334ae33 n121mr33 石林彝乡 直译三弦大 跳法tsho33ga33tsho331u21u21 s021021 pr33xa55 人是人 非常 跳爱 一种是,,三斜亚玛比迷日罗撒尼迷搓安搓勒勒说啰逼号体 诗安。,26.介绍石林\393.mp3,160
394,《阿诗玛》非常有名，五十年前就拍成了电影。,cewead <eeDwelseeD》 me33do33ne21m33gp55tsh33qho21 yu21tssstsu55 ku33 kos5 tie21z133 1o21 1055.,《阿诗玛》 非常名出， 早 五十年前面 二十六、介绍石林·161 就做 电影成了,《阿诗玛》逼姆曼朵，乃姆奥切阔额志 就姑高电影啰啦。,26.介绍石林\394.mp3,160
395,石林风景区非常有名每年都有二百多万游客。,10334ae33mp3 33 $o21o21 me33do33 玩地方 非常 名出 直 译 石林mp21bp21 qp33tsh033 tso th1²1gho21 n21hp33va55 多于 玩人有 一年二百万,,罗撒玛高堵说啰曼朵，替阔尼蒿万玛把高搓卓。,26.介绍石林\395.mp3,161
396,石林的石头非常神奇，这些石头主要是由海洋中的生,"10334ae33mp33 Z033 S733 mp""'s?ne21m33 kh33thr21kssz z'xurgae33.",石林 生成别的不同这石头 那时候 海洋 生物 变化 早 162·石林撒尼口语400句 是,罗撒玛若斯玛似，伊罗玛日乃姆克替个日核糯嗯 哩啥啰安。,26.介绍石林\396.mp3,161
397,石林县主要有哪些传统节日？,1o334ae33mr33z33a33m133tce211551 mo'mp 21 33tso33?,石林地 什么 节令 老 有,罗撒迷日阿迷节令莫玛卓？,26.介绍石林\397.mp3,162
398,石林民间传统节日有春节、清明节、火把节和密枝节。,1o334ae33n121v133 tce21155mo21mp3 33 Z1 33qho21mu33、tch33m133、z0334p 331.33mr3dz21 tso33.,石林彝家节令老 春节 清明 六月二十四 密枝 、 有 二十六、介绍石林·163,罗撒尼微节令莫玛日阔姆、青密、若烧尼资斯喃 密止卓。 （注：“十○m”农历六月二十四，即为“火把节”）,26.介绍石林\398.mp3,162
399,杀过年猪时要邀请亲朋好友同乐。,pe331e21 dzz21ae$5bu33 kp33 1urs51ur55ku33ku33 sp33 th121vp33tss$133.,猪杀 一天亲戚 朋友 喊拢 欢欢喜喜 一起 相聚,唯好替尼，搓国呗来则啊剥高乐乐哥哥搔替挖字哩。,26.介绍石林\399.mp3,163
400,欢聚一堂。,lur5$1uku3ku33 th21vD33 ts55. 一起相聚 直 译 欢欢喜喜,,乐乐哥哥替挖字。,26.介绍石林\400.mp3,163
401,欢迎再次来石林！,du33mae55 ne33 10334ae33mp33 k33 ts33133!②（z33）：在句中只起连接作用，没有特定意义，“”③m（nae33，nae5）：表示强调时用55调。,以后 石林 相遇,都曼喃罗撒玛高自哩! 说明： ①撒尼彝语中，动词和形容词能重叠后成为疑问句，这在《石 林撒尼口语400句》中有多处，如：动词“吃”，撒尼语为 “早”，重叠后的“早早”就成为“吃了吗？”；形容词“好”， 撒尼语“扎”，重叠后的“扎扎”，就成为“好不好？”。 在彝族撒尼口语中出现比较频繁。 《石林撒尼口语400句》编委会名单 顾 问：李忠德王冰张勤勋龚红春 李德君黄建明 昂自明土邵芳 戴平敖文昆 编委会主任：毕卫华 编委会副主任：冯英毕玉昌李毅飞黄文云 编彝 著：王向方 文：王向方毕华玉 说明 《石林撒尼口语400句》收人云南石林彝族自治县彝族 支系撒尼人常用口语400句，分别为《问候与拜访》、《做 什么？去哪里？》、《询问》、《介绍》、《请求帮助》、 《问路》、《天气》等26个日常生活情景对话，每个情景 对话包括若干语句。 石林县是彝族撒尼支系聚居地区，全县24万人，撒尼人 占三分之一。撒尼语是彝语东南部方言的一个次方言，是撒 尼人通用的语言，98%以上撒尼人在家庭内、村寨日常生活 及生产活动中均操撒尼语。在社会交往、商业领域，以及政 治生活中，也主要以撒尼语为交际工具。石林境内及邻近地 区的彝青人、白彝人等彝族支系群众，以及石林县的不少汉 族群众，在和撒尼人交往时也使用撒尼语。 由于种种原因，石林县的公务人员、事业单位人员以及 与撒尼群众交往密切的第三产业从业人员中，通晓撒尼语的 人却不多，部分撒尼人出身的干部的撒尼语也不够熟练。这 种情形，与撒尼语在群众中广泛通行极不相称，对密切党群 关系、干群关系，对政务畅通，也有一定影响。 近年来，许多人陆续提出学习撒尼语的要求，我们也曾开展撒尼语教学实验，取得了一定效果，但因汉 字难以准确注音，学习效果不理想，事倍功半。《石林撒尼 誉目 说明/1 一、 问候与拜访 /1 二、做什么？去哪里？／ 11 三、询问/19 四、介绍/29 五、喜好/35 六、请求帮助/ 39 七、问路／45 八、时间／ 51 九、年龄／57 十、语言/ 63 十一、天气/69 十二、购物／77 十三、比较/83 十四、衣着／89 十五、打电话／93 十六、看病／99 一、问候与拜访 五、石彝输入法编码表· 四、学习石彝输入法· 地址：昆明市环城西路170号云南民族大厦6楼电话：0871-5340364、0871-5340743 软件的使用环境和范围 软件卸载· 软件安装·· 《石林蜂文平台》操作手册 录 9 3 2 角的益图标，单击鼠标右键，单击“设置”，进入如卜界面： 安装Windows 打开软件光盘。 单击桌面有下角输入法图标彝，将输入法切换为英文输入状态当，将鼠标指向桌面右下 1、卸载输入法 、软件卸载 石林师文学库及输入法安装 单击“确定”，进入下一界面： 2、双击运行光盘中的“存样XP”的EXE文件，进入如下界面： 1、将软件光盘放入光题，双击操价系统泉面丨的“我的电”图标，再双击“光盘”图标， 软件安装(以WINXP操作系统为例) 地址：昆明市环城西路170号云南民族大厦6楼电话：0871-53-40364、0871-5340743 《石林葬文平台》操作手册,26.介绍石林\401.mp3,163
